DATE_TIME,LAT_DEG,LON_DEG,POS_STRING,ALT,ALT_UNITS,DATUM,HDG_DEG,HDG_MILS,HDG_TYPE,VERT,HORIZ,VH_UNITS,NOTE
2024.10.19_16.24.37,33.753714,-84.334067,"+033.753714d / -084.334067d",995,FEET,WGE,18,320,TRUE,55.0,1.0,DEG
2024.10.19_16.24.37,33.753714,-84.334067,"+033.753714d / -084.334067d",995,FEET,WGE,18,320,TRUE,55.3,0.5,DEG
2024.10.19_16.24.37,33.753714,-84.334067,"+033.753714d / -084.334067d",995,FEET,WGE,19,338,TRUE,55.6,0.6,DEG
2024.10.19_16.24.38,33.753714,-84.334067,"+033.753714d / -084.334067d",995,FEET,WGE,20,356,TRUE,55.7,0.6,DEG
2024.10.19_16.24.38,33.753709,-84.334067,"+033.753709d / -084.334067d",995,FEET,WGE,21,373,TRUE,56.0,1.1,DEG
2024.10.19_16.24.38,33.753709,-84.334067,"+033.753709d / -084.334067d",995,FEET,WGE,22,391,TRUE,56.2,0.9,DEG
2024.10.19_16.24.38,33.753709,-84.334067,"+033.753709d / -084.334067d",995,FEET,WGE,24,427,TRUE,56.0,0.4,DEG
2024.10.19_16.24.38,33.753709,-84.334067,"+033.753709d / -084.334067d",995,FEET,WGE,25,444,TRUE,56.1,-0.3,DEG
2024.10.19_16.24.38,33.753709,-84.334067,"+033.753709d / -084.334067d",995,FEET,WGE,26,462,TRUE,56.0,-0.1,DEG
2024.10.19_16.24.38,33.753709,-84.334067,"+033.753709d / -084.334067d",995,FEET,WGE,27,480,TRUE,56.0,-0.6,DEG
2024.10.19_16.24.39,33.753717,-84.334076,"+033.753717d / -084.334076d",995,FEET,WGE,28,498,TRUE,56.1,-1.4,DEG
2024.10.19_16.24.39,33.753717,-84.334076,"+033.753717d / -084.334076d",995,FEET,WGE,29,516,TRUE,56.0,-0.9,DEG
2024.10.19_16.24.39,33.753717,-84.334076,"+033.753717d / -084.334076d",995,FEET,WGE,30,533,TRUE,56.1,-1.4,DEG
2024.10.19_16.24.39,33.753717,-84.334076,"+033.753717d / -084.334076d",995,FEET,WGE,31,551,TRUE,55.7,-1.7,DEG
2024.10.19_16.24.39,33.753717,-84.334076,"+033.753717d / -084.334076d",995,FEET,WGE,32,569,TRUE,55.2,-2.5,DEG
2024.10.19_16.24.39,33.753717,-84.334076,"+033.753717d / -084.334076d",995,FEET,WGE,33,587,TRUE,54.4,-2.3,DEG
2024.10.19_16.24.39,33.753717,-84.334076,"+033.753717d / -084.334076d",995,FEET,WGE,34,604,TRUE,54.5,-3.3,DEG
2024.10.19_16.24.40,33.753717,-84.334076,"+033.753717d / -084.334076d",995,FEET,WGE,35,622,TRUE,54.5,-3.2,DEG
2024.10.19_16.24.40,33.753723,-84.334077,"+033.753723d / -084.334077d",995,FEET,WGE,35,622,TRUE,54.1,-3.9,DEG
2024.10.19_16.24.40,33.753723,-84.334077,"+033.753723d / -084.334077d",995,FEET,WGE,36,640,TRUE,53.8,-5.3,DEG
2024.10.19_16.24.40,33.753723,-84.334077,"+033.753723d / -084.334077d",995,FEET,WGE,37,658,TRUE,54.1,-5.3,DEG
2024.10.19_16.24.40,33.753723,-84.334077,"+033.753723d / -084.334077d",995,FEET,WGE,38,676,TRUE,54.2,-4.9,DEG
2024.10.19_16.24.40,33.753723,-84.334077,"+033.753723d / -084.334077d",995,FEET,WGE,39,693,TRUE,53.3,-5.2,DEG
2024.10.19_16.24.40,33.753723,-84.334077,"+033.753723d / -084.334077d",995,FEET,WGE,40,711,TRUE,52.7,-5.3,DEG
2024.10.19_16.24.40,33.753723,-84.334077,"+033.753723d / -084.334077d",995,FEET,WGE,41,729,TRUE,52.4,-5.8,DEG
2024.10.19_16.24.41,33.753723,-84.334077,"+033.753723d / -084.334077d",995,FEET,WGE,42,747,TRUE,52.0,-6.0,DEG
2024.10.19_16.24.41,33.753748,-84.334091,"+033.753748d / -084.334091d",995,FEET,WGE,42,747,TRUE,51.2,-6.2,DEG
2024.10.19_16.24.41,33.753748,-84.334091,"+033.753748d / -084.334091d",995,FEET,WGE,43,764,TRUE,50.6,-7.3,DEG
2024.10.19_16.24.41,33.753748,-84.334091,"+033.753748d / -084.334091d",995,FEET,WGE,44,782,TRUE,50.2,-7.6,DEG
2024.10.19_16.24.41,33.753748,-84.334091,"+033.753748d / -084.334091d",995,FEET,WGE,44,782,TRUE,49.6,-7.4,DEG
2024.10.19_16.24.41,33.753748,-84.334091,"+033.753748d / -084.334091d",995,FEET,WGE,45,800,TRUE,49.2,-7.6,DEG
2024.10.19_16.24.41,33.753748,-84.334091,"+033.753748d / -084.334091d",995,FEET,WGE,46,818,TRUE,48.4,-7.9,DEG
2024.10.19_16.24.41,33.753748,-84.334091,"+033.753748d / -084.334091d",995,FEET,WGE,47,836,TRUE,47.7,-7.3,DEG
2024.10.19_16.24.42,33.753755,-84.334094,"+033.753755d / -084.334094d",995,FEET,WGE,47,836,TRUE,47.1,-7.8,DEG
2024.10.19_16.24.42,33.753755,-84.334094,"+033.753755d / -084.334094d",995,FEET,WGE,48,853,TRUE,46.4,-7.9,DEG
2024.10.19_16.24.42,33.753755,-84.334094,"+033.753755d / -084.334094d",995,FEET,WGE,49,871,TRUE,45.9,-8.5,DEG
2024.10.19_16.24.42,33.753755,-84.334094,"+033.753755d / -084.334094d",995,FEET,WGE,50,889,TRUE,45.2,-8.6,DEG
2024.10.19_16.24.42,33.753755,-84.334094,"+033.753755d / -084.334094d",995,FEET,WGE,52,924,TRUE,44.3,-9.1,DEG
2024.10.19_16.24.42,33.753755,-84.334094,"+033.753755d / -084.334094d",995,FEET,WGE,54,960,TRUE,43.2,-9.0,DEG
2024.10.19_16.24.42,33.753755,-84.334094,"+033.753755d / -084.334094d",995,FEET,WGE,57,1013,TRUE,42.3,-9.6,DEG
2024.10.19_16.24.42,33.753755,-84.334094,"+033.753755d / -084.334094d",995,FEET,WGE,60,1067,TRUE,41.3,-9.3,DEG
2024.10.19_16.24.43,33.753755,-84.334094,"+033.753755d / -084.334094d",995,FEET,WGE,62,1102,TRUE,40.6,-9.7,DEG
2024.10.19_16.24.43,33.753758,-84.334099,"+033.753758d / -084.334099d",994,FEET,WGE,63,1120,TRUE,39.7,-9.4,DEG
2024.10.19_16.24.43,33.753758,-84.334099,"+033.753758d / -084.334099d",994,FEET,WGE,64,1138,TRUE,38.4,-8.5,DEG
2024.10.19_16.24.43,33.753758,-84.334099,"+033.753758d / -084.334099d",994,FEET,WGE,65,1156,TRUE,36.5,-7.7,DEG
2024.10.19_16.24.43,33.753758,-84.334099,"+033.753758d / -084.334099d",994,FEET,WGE,65,1156,TRUE,35.0,-7.3,DEG
2024.10.19_16.24.43,33.753758,-84.334099,"+033.753758d / -084.334099d",994,FEET,WGE,66,1173,TRUE,33.8,-7.0,DEG
2024.10.19_16.24.43,33.753758,-84.334099,"+033.753758d / -084.334099d",994,FEET,WGE,67,1191,TRUE,32.9,-6.8,DEG
2024.10.19_16.24.43,33.753758,-84.334099,"+033.753758d / -084.334099d",994,FEET,WGE,68,1209,TRUE,32.4,-6.5,DEG
2024.10.19_16.24.43,33.753758,-84.334099,"+033.753758d / -084.334099d",994,FEET,WGE,69,1227,TRUE,31.8,-6.4,DEG
2024.10.19_16.24.43,33.753758,-84.334099,"+033.753758d / -084.334099d",994,FEET,WGE,70,1244,TRUE,31.1,-5.7,DEG
2024.10.19_16.24.44,33.753758,-84.334099,"+033.753758d / -084.334099d",994,FEET,WGE,71,1262,TRUE,30.8,-5.5,DEG
2024.10.19_16.24.44,33.753754,-84.334098,"+033.753754d / -084.334098d",994,FEET,WGE,71,1262,TRUE,30.4,-5.2,DEG
2024.10.19_16.24.44,33.753754,-84.334098,"+033.753754d / -084.334098d",994,FEET,WGE,72,1280,TRUE,30.3,-4.9,DEG
2024.10.19_16.24.44,33.753754,-84.334098,"+033.753754d / -084.334098d",994,FEET,WGE,73,1298,TRUE,30.5,-4.6,DEG
2024.10.19_16.24.44,33.753754,-84.334098,"+033.753754d / -084.334098d",994,FEET,WGE,74,1316,TRUE,30.7,-4.4,DEG
2024.10.19_16.24.44,33.753754,-84.334098,"+033.753754d / -084.334098d",994,FEET,WGE,75,1333,TRUE,30.9,-3.9,DEG
2024.10.19_16.24.44,33.753754,-84.334098,"+033.753754d / -084.334098d",994,FEET,WGE,75,1333,TRUE,30.8,-3.3,DEG
2024.10.19_16.24.44,33.753754,-84.334098,"+033.753754d / -084.334098d",994,FEET,WGE,76,1351,TRUE,30.6,-2.8,DEG
2024.10.19_16.24.44,33.753754,-84.334098,"+033.753754d / -084.334098d",994,FEET,WGE,76,1351,TRUE,31.0,-2.8,DEG
2024.10.19_16.24.44,33.753754,-84.334098,"+033.753754d / -084.334098d",994,FEET,WGE,77,1369,TRUE,31.1,-2.5,DEG
2024.10.19_16.24.45,33.753744,-84.334093,"+033.753744d / -084.334093d",994,FEET,WGE,78,1387,TRUE,31.4,-2.1,DEG
2024.10.19_16.24.45,33.753744,-84.334093,"+033.753744d / -084.334093d",994,FEET,WGE,78,1387,TRUE,32.2,-1.8,DEG
2024.10.19_16.24.45,33.753744,-84.334093,"+033.753744d / -084.334093d",994,FEET,WGE,78,1387,TRUE,32.7,-1.5,DEG
2024.10.19_16.24.45,33.753744,-84.334093,"+033.753744d / -084.334093d",994,FEET,WGE,79,1404,TRUE,33.3,-1.0,DEG
2024.10.19_16.24.45,33.753744,-84.334093,"+033.753744d / -084.334093d",994,FEET,WGE,79,1404,TRUE,33.8,-0.7,DEG
2024.10.19_16.24.45,33.753744,-84.334093,"+033.753744d / -084.334093d",994,FEET,WGE,79,1404,TRUE,34.2,-0.9,DEG
2024.10.19_16.24.45,33.753744,-84.334093,"+033.753744d / -084.334093d",994,FEET,WGE,80,1422,TRUE,34.6,-1.1,DEG
2024.10.19_16.24.45,33.753744,-84.334093,"+033.753744d / -084.334093d",994,FEET,WGE,80,1422,TRUE,35.6,-1.1,DEG
2024.10.19_16.24.45,33.753744,-84.334093,"+033.753744d / -084.334093d",994,FEET,WGE,80,1422,TRUE,36.1,-1.2,DEG
2024.10.19_16.24.46,33.753717,-84.334102,"+033.753717d / -084.334102d",995,FEET,WGE,80,1422,TRUE,36.9,-1.5,DEG
2024.10.19_16.24.46,33.753717,-84.334102,"+033.753717d / -084.334102d",995,FEET,WGE,80,1422,TRUE,37.7,-1.1,DEG
2024.10.19_16.24.46,33.753717,-84.334102,"+033.753717d / -084.334102d",995,FEET,WGE,80,1422,TRUE,38.0,-0.4,DEG
2024.10.19_16.24.46,33.753717,-84.334102,"+033.753717d / -084.334102d",995,FEET,WGE,80,1422,TRUE,38.4,0.2,DEG
2024.10.19_16.24.46,33.753717,-84.334102,"+033.753717d / -084.334102d",995,FEET,WGE,80,1422,TRUE,38.8,0.3,DEG
2024.10.19_16.24.46,33.753717,-84.334102,"+033.753717d / -084.334102d",995,FEET,WGE,81,1440,TRUE,38.4,-0.0,DEG
2024.10.19_16.24.46,33.753717,-84.334102,"+033.753717d / -084.334102d",995,FEET,WGE,82,1458,TRUE,38.2,-0.6,DEG
2024.10.19_16.24.47,33.753717,-84.334102,"+033.753717d / -084.334102d",995,FEET,WGE,83,1476,TRUE,38.0,-0.5,DEG
2024.10.19_16.24.47,33.753707,-84.334106,"+033.753707d / -084.334106d",995,FEET,WGE,85,1511,TRUE,38.1,-0.6,DEG
2024.10.19_16.24.47,33.753707,-84.334106,"+033.753707d / -084.334106d",995,FEET,WGE,86,1529,TRUE,38.2,-0.5,DEG
2024.10.19_16.24.47,33.753707,-84.334106,"+033.753707d / -084.334106d",995,FEET,WGE,87,1547,TRUE,38.1,-0.8,DEG
2024.10.19_16.24.47,33.753707,-84.334106,"+033.753707d / -084.334106d",995,FEET,WGE,88,1564,TRUE,38.3,-0.9,DEG
2024.10.19_16.24.47,33.753707,-84.334106,"+033.753707d / -084.334106d",995,FEET,WGE,90,1600,TRUE,38.3,-0.8,DEG
2024.10.19_16.24.47,33.753707,-84.334106,"+033.753707d / -084.334106d",995,FEET,WGE,91,1618,TRUE,38.3,-1.0,DEG
2024.10.19_16.24.47,33.753707,-84.334106,"+033.753707d / -084.334106d",995,FEET,WGE,92,1636,TRUE,38.4,-1.1,DEG
2024.10.19_16.24.47,33.753707,-84.334106,"+033.753707d / -084.334106d",995,FEET,WGE,93,1653,TRUE,38.2,-1.0,DEG
2024.10.19_16.24.48,33.753707,-84.334106,"+033.753707d / -084.334106d",995,FEET,WGE,94,1671,TRUE,37.9,-1.1,DEG
2024.10.19_16.24.48,33.753748,-84.334099,"+033.753748d / -084.334099d",995,FEET,WGE,96,1707,TRUE,37.7,-1.2,DEG
2024.10.19_16.24.48,33.753748,-84.334099,"+033.753748d / -084.334099d",995,FEET,WGE,97,1724,TRUE,37.3,-1.4,DEG
2024.10.19_16.24.48,33.753748,-84.334099,"+033.753748d / -084.334099d",995,FEET,WGE,98,1742,TRUE,36.8,-1.3,DEG
2024.10.19_16.24.48,33.753748,-84.334099,"+033.753748d / -084.334099d",995,FEET,WGE,99,1760,TRUE,36.3,-1.8,DEG
2024.10.19_16.24.48,33.753748,-84.334099,"+033.753748d / -084.334099d",995,FEET,WGE,100,1778,TRUE,35.6,-2.1,DEG
2024.10.19_16.24.48,33.753748,-84.334099,"+033.753748d / -084.334099d",995,FEET,WGE,101,1796,TRUE,35.2,-2.4,DEG
2024.10.19_16.24.48,33.753748,-84.334099,"+033.753748d / -084.334099d",995,FEET,WGE,103,1831,TRUE,34.6,-1.9,DEG
2024.10.19_16.24.49,33.753745,-84.334100,"+033.753745d / -084.334100d",995,FEET,WGE,104,1849,TRUE,34.4,-1.8,DEG
2024.10.19_16.24.49,33.753745,-84.334100,"+033.753745d / -084.334100d",995,FEET,WGE,104,1849,TRUE,34.3,-1.5,DEG
2024.10.19_16.24.49,33.753745,-84.334100,"+033.753745d / -084.334100d",995,FEET,WGE,105,1867,TRUE,34.9,-1.5,DEG
2024.10.19_16.24.49,33.753745,-84.334100,"+033.753745d / -084.334100d",995,FEET,WGE,105,1867,TRUE,35.4,-1.6,DEG
2024.10.19_16.24.49,33.753745,-84.334100,"+033.753745d / -084.334100d",995,FEET,WGE,106,1884,TRUE,35.9,-2.0,DEG
2024.10.19_16.24.49,33.753745,-84.334100,"+033.753745d / -084.334100d",995,FEET,WGE,107,1902,TRUE,35.9,-2.2,DEG
2024.10.19_16.24.50,33.753745,-84.334100,"+033.753745d / -084.334100d",995,FEET,WGE,108,1920,TRUE,35.7,-2.5,DEG
2024.10.19_16.24.50,33.753706,-84.334100,"+033.753706d / -084.334100d",994,FEET,WGE,110,1956,TRUE,35.5,-2.7,DEG
2024.10.19_16.24.50,33.753706,-84.334100,"+033.753706d / -084.334100d",994,FEET,WGE,111,1973,TRUE,35.4,-3.1,DEG
2024.10.19_16.24.50,33.753706,-84.334100,"+033.753706d / -084.334100d",994,FEET,WGE,112,1991,TRUE,35.4,-2.9,DEG
2024.10.19_16.24.50,33.753706,-84.334100,"+033.753706d / -084.334100d",994,FEET,WGE,113,2009,TRUE,35.4,-3.2,DEG
2024.10.19_16.24.50,33.753706,-84.334100,"+033.753706d / -084.334100d",994,FEET,WGE,114,2027,TRUE,35.5,-3.2,DEG
2024.10.19_16.24.50,33.753706,-84.334100,"+033.753706d / -084.334100d",994,FEET,WGE,116,2062,TRUE,35.2,-3.1,DEG
2024.10.19_16.24.50,33.753706,-84.334100,"+033.753706d / -084.334100d",994,FEET,WGE,117,2080,TRUE,35.0,-3.5,DEG
2024.10.19_16.24.50,33.753706,-84.334100,"+033.753706d / -084.334100d",994,FEET,WGE,118,2098,TRUE,34.7,-4.1,DEG
2024.10.19_16.24.51,33.753707,-84.334096,"+033.753707d / -084.334096d",994,FEET,WGE,119,2116,TRUE,34.5,-3.8,DEG
2024.10.19_16.24.51,33.753707,-84.334096,"+033.753707d / -084.334096d",994,FEET,WGE,121,2151,TRUE,34.0,-4.0,DEG
2024.10.19_16.24.51,33.753707,-84.334096,"+033.753707d / -084.334096d",994,FEET,WGE,122,2169,TRUE,33.9,-4.3,DEG
2024.10.19_16.24.51,33.753707,-84.334096,"+033.753707d / -084.334096d",994,FEET,WGE,123,2187,TRUE,33.6,-4.3,DEG
2024.10.19_16.24.51,33.753707,-84.334096,"+033.753707d / -084.334096d",994,FEET,WGE,124,2204,TRUE,33.4,-4.6,DEG
2024.10.19_16.24.51,33.753707,-84.334096,"+033.753707d / -084.334096d",994,FEET,WGE,126,2240,TRUE,33.1,-4.3,DEG
2024.10.19_16.24.51,33.753707,-84.334096,"+033.753707d / -084.334096d",994,FEET,WGE,127,2258,TRUE,32.9,-4.4,DEG
2024.10.19_16.24.52,33.753707,-84.334096,"+033.753707d / -084.334096d",994,FEET,WGE,128,2276,TRUE,32.8,-4.5,DEG
2024.10.19_16.24.52,33.753735,-84.334100,"+033.753735d / -084.334100d",994,FEET,WGE,129,2293,TRUE,32.5,-4.8,DEG
2024.10.19_16.24.52,33.753735,-84.334100,"+033.753735d / -084.334100d",994,FEET,WGE,130,2311,TRUE,32.1,-4.8,DEG
2024.10.19_16.24.52,33.753735,-84.334100,"+033.753735d / -084.334100d",994,FEET,WGE,131,2329,TRUE,31.9,-4.6,DEG
2024.10.19_16.24.52,33.753735,-84.334100,"+033.753735d / -084.334100d",994,FEET,WGE,131,2329,TRUE,31.7,-5.0,DEG
2024.10.19_16.24.52,33.753735,-84.334100,"+033.753735d / -084.334100d",994,FEET,WGE,132,2347,TRUE,31.1,-5.1,DEG
2024.10.19_16.24.52,33.753735,-84.334100,"+033.753735d / -084.334100d",994,FEET,WGE,133,2364,TRUE,31.0,-5.0,DEG
2024.10.19_16.24.53,33.753735,-84.334100,"+033.753735d / -084.334100d",994,FEET,WGE,134,2382,TRUE,30.9,-5.1,DEG
2024.10.19_16.24.53,33.753753,-84.334142,"+033.753753d / -084.334142d",994,FEET,WGE,135,2400,TRUE,30.7,-5.4,DEG
2024.10.19_16.24.53,33.753753,-84.334142,"+033.753753d / -084.334142d",994,FEET,WGE,136,2418,TRUE,30.4,-5.2,DEG
2024.10.19_16.24.53,33.753753,-84.334142,"+033.753753d / -084.334142d",994,FEET,WGE,137,2436,TRUE,30.5,-5.5,DEG
2024.10.19_16.24.53,33.753753,-84.334142,"+033.753753d / -084.334142d",994,FEET,WGE,138,2453,TRUE,30.5,-4.9,DEG
2024.10.19_16.24.53,33.753753,-84.334142,"+033.753753d / -084.334142d",994,FEET,WGE,138,2453,TRUE,30.5,-4.6,DEG
2024.10.19_16.24.53,33.753753,-84.334142,"+033.753753d / -084.334142d",994,FEET,WGE,140,2489,TRUE,30.2,-3.8,DEG
2024.10.19_16.24.53,33.753753,-84.334142,"+033.753753d / -084.334142d",994,FEET,WGE,141,2507,TRUE,30.0,-4.1,DEG
2024.10.19_16.24.53,33.753753,-84.334142,"+033.753753d / -084.334142d",994,FEET,WGE,142,2524,TRUE,29.9,-3.9,DEG
2024.10.19_16.24.54,33.753753,-84.334142,"+033.753753d / -084.334142d",994,FEET,WGE,142,2524,TRUE,29.5,-3.6,DEG
2024.10.19_16.24.54,33.753761,-84.334155,"+033.753761d / -084.334155d",994,FEET,WGE,143,2542,TRUE,29.3,-3.8,DEG
2024.10.19_16.24.54,33.753761,-84.334155,"+033.753761d / -084.334155d",994,FEET,WGE,145,2578,TRUE,29.0,-4.2,DEG
2024.10.19_16.24.54,33.753761,-84.334155,"+033.753761d / -084.334155d",994,FEET,WGE,146,2596,TRUE,28.8,-4.4,DEG
2024.10.19_16.24.54,33.753761,-84.334155,"+033.753761d / -084.334155d",994,FEET,WGE,147,2613,TRUE,28.7,-4.4,DEG
2024.10.19_16.24.54,33.753761,-84.334155,"+033.753761d / -084.334155d",994,FEET,WGE,148,2631,TRUE,28.1,-4.6,DEG
2024.10.19_16.24.54,33.753761,-84.334155,"+033.753761d / -084.334155d",994,FEET,WGE,149,2649,TRUE,27.9,-4.9,DEG
2024.10.19_16.24.54,33.753761,-84.334155,"+033.753761d / -084.334155d",994,FEET,WGE,150,2667,TRUE,27.5,-4.4,DEG
2024.10.19_16.24.55,33.753761,-84.334155,"+033.753761d / -084.334155d",994,FEET,WGE,151,2684,TRUE,27.1,-4.5,DEG
2024.10.19_16.24.55,33.753734,-84.334146,"+033.753734d / -084.334146d",993,FEET,WGE,151,2684,TRUE,26.6,-4.4,DEG
2024.10.19_16.24.55,33.753734,-84.334146,"+033.753734d / -084.334146d",993,FEET,WGE,152,2702,TRUE,26.2,-4.0,DEG
2024.10.19_16.24.55,33.753734,-84.334146,"+033.753734d / -084.334146d",993,FEET,WGE,153,2720,TRUE,25.7,-3.8,DEG
2024.10.19_16.24.55,33.753734,-84.334146,"+033.753734d / -084.334146d",993,FEET,WGE,154,2738,TRUE,25.3,-3.9,DEG
2024.10.19_16.24.55,33.753734,-84.334146,"+033.753734d / -084.334146d",993,FEET,WGE,154,2738,TRUE,24.6,-3.7,DEG
2024.10.19_16.24.55,33.753734,-84.334146,"+033.753734d / -084.334146d",993,FEET,WGE,155,2756,TRUE,23.8,-3.7,DEG
2024.10.19_16.24.56,33.753734,-84.334146,"+033.753734d / -084.334146d",993,FEET,WGE,155,2756,TRUE,23.1,-3.3,DEG
2024.10.19_16.24.56,33.753723,-84.334107,"+033.753723d / -084.334107d",994,FEET,WGE,156,2773,TRUE,22.9,-3.4,DEG
2024.10.19_16.24.56,33.753723,-84.334107,"+033.753723d / -084.334107d",994,FEET,WGE,157,2791,TRUE,22.7,-3.3,DEG
2024.10.19_16.24.56,33.753723,-84.334107,"+033.753723d / -084.334107d",994,FEET,WGE,158,2809,TRUE,22.3,-2.8,DEG
2024.10.19_16.24.56,33.753723,-84.334107,"+033.753723d / -084.334107d",994,FEET,WGE,158,2809,TRUE,22.1,-1.8,DEG
2024.10.19_16.24.56,33.753723,-84.334107,"+033.753723d / -084.334107d",994,FEET,WGE,158,2809,TRUE,22.1,-1.2,DEG
2024.10.19_16.24.56,33.753723,-84.334107,"+033.753723d / -084.334107d",994,FEET,WGE,159,2827,TRUE,21.9,-1.2,DEG
2024.10.19_16.24.57,33.753723,-84.334107,"+033.753723d / -084.334107d",994,FEET,WGE,160,2844,TRUE,21.4,-1.0,DEG
2024.10.19_16.24.57,33.753726,-84.334110,"+033.753726d / -084.334110d",994,FEET,WGE,160,2844,TRUE,21.0,-1.0,DEG
2024.10.19_16.24.57,33.753726,-84.334110,"+033.753726d / -084.334110d",994,FEET,WGE,161,2862,TRUE,20.9,-0.7,DEG
2024.10.19_16.24.57,33.753726,-84.334110,"+033.753726d / -084.334110d",994,FEET,WGE,161,2862,TRUE,21.1,-0.0,DEG
2024.10.19_16.24.57,33.753726,-84.334110,"+033.753726d / -084.334110d",994,FEET,WGE,161,2862,TRUE,21.4,0.2,DEG
2024.10.19_16.24.57,33.753726,-84.334110,"+033.753726d / -084.334110d",994,FEET,WGE,161,2862,TRUE,22.7,0.2,DEG
2024.10.19_16.24.57,33.753726,-84.334110,"+033.753726d / -084.334110d",994,FEET,WGE,162,2880,TRUE,23.6,0.4,DEG
2024.10.19_16.24.57,33.753726,-84.334110,"+033.753726d / -084.334110d",994,FEET,WGE,162,2880,TRUE,24.8,0.1,DEG
2024.10.19_16.24.57,33.753726,-84.334110,"+033.753726d / -084.334110d",994,FEET,WGE,162,2880,TRUE,25.7,-0.0,DEG
2024.10.19_16.24.57,33.753726,-84.334110,"+033.753726d / -084.334110d",994,FEET,WGE,163,2898,TRUE,26.5,-0.1,DEG
2024.10.19_16.24.58,33.753726,-84.334110,"+033.753726d / -084.334110d",994,FEET,WGE,163,2898,TRUE,27.3,-0.2,DEG
2024.10.19_16.24.58,33.753732,-84.334123,"+033.753732d / -084.334123d",994,FEET,WGE,165,2933,TRUE,28.0,-0.4,DEG
2024.10.19_16.24.58,33.753732,-84.334123,"+033.753732d / -084.334123d",994,FEET,WGE,166,2951,TRUE,28.5,-0.0,DEG
2024.10.19_16.24.58,33.753732,-84.334123,"+033.753732d / -084.334123d",994,FEET,WGE,167,2969,TRUE,29.0,-0.0,DEG
2024.10.19_16.24.58,33.753732,-84.334123,"+033.753732d / -084.334123d",994,FEET,WGE,167,2969,TRUE,29.3,0.1,DEG
2024.10.19_16.24.58,33.753732,-84.334123,"+033.753732d / -084.334123d",994,FEET,WGE,169,3004,TRUE,29.5,-0.2,DEG
2024.10.19_16.24.58,33.753732,-84.334123,"+033.753732d / -084.334123d",994,FEET,WGE,170,3022,TRUE,29.7,-0.2,DEG
2024.10.19_16.24.58,33.753732,-84.334123,"+033.753732d / -084.334123d",994,FEET,WGE,170,3022,TRUE,29.8,-0.1,DEG
2024.10.19_16.24.59,33.753732,-84.334123,"+033.753732d / -084.334123d",994,FEET,WGE,171,3040,TRUE,30.0,-0.2,DEG
2024.10.19_16.24.59,33.753724,-84.334119,"+033.753724d / -084.334119d",993,FEET,WGE,173,3076,TRUE,30.2,-0.4,DEG
2024.10.19_16.24.59,33.753724,-84.334119,"+033.753724d / -084.334119d",993,FEET,WGE,174,3093,TRUE,30.2,-0.5,DEG
2024.10.19_16.24.59,33.753724,-84.334119,"+033.753724d / -084.334119d",993,FEET,WGE,175,3111,TRUE,30.3,-0.4,DEG
2024.10.19_16.24.59,33.753724,-84.334119,"+033.753724d / -084.334119d",993,FEET,WGE,175,3111,TRUE,30.4,-0.0,DEG
2024.10.19_16.24.59,33.753724,-84.334119,"+033.753724d / -084.334119d",993,FEET,WGE,175,3111,TRUE,30.3,0.6,DEG
2024.10.19_16.24.59,33.753724,-84.334119,"+033.753724d / -084.334119d",993,FEET,WGE,176,3129,TRUE,30.8,-0.0,DEG
2024.10.19_16.24.59,33.753724,-84.334119,"+033.753724d / -084.334119d",993,FEET,WGE,177,3147,TRUE,31.2,0.9,DEG
2024.10.19_16.24.59,33.753724,-84.334119,"+033.753724d / -084.334119d",993,FEET,WGE,177,3147,TRUE,31.1,1.4,DEG
2024.10.19_16.25.00,33.753724,-84.334119,"+033.753724d / -084.334119d",993,FEET,WGE,178,3164,TRUE,30.8,0.9,DEG
2024.10.19_16.25.00,33.753750,-84.334105,"+033.753750d / -084.334105d",993,FEET,WGE,179,3182,TRUE,30.7,0.6,DEG
2024.10.19_16.25.00,33.753750,-84.334105,"+033.753750d / -084.334105d",993,FEET,WGE,180,3200,TRUE,30.6,0.1,DEG
2024.10.19_16.25.00,33.753750,-84.334105,"+033.753750d / -084.334105d",993,FEET,WGE,181,3218,TRUE,30.5,-0.2,DEG
2024.10.19_16.25.00,33.753750,-84.334105,"+033.753750d / -084.334105d",993,FEET,WGE,183,3253,TRUE,30.6,-0.3,DEG
2024.10.19_16.25.00,33.753750,-84.334105,"+033.753750d / -084.334105d",993,FEET,WGE,184,3271,TRUE,30.8,0.4,DEG
2024.10.19_16.25.00,33.753750,-84.334105,"+033.753750d / -084.334105d",993,FEET,WGE,185,3289,TRUE,31.1,0.1,DEG
2024.10.19_16.25.00,33.753750,-84.334105,"+033.753750d / -084.334105d",993,FEET,WGE,185,3289,TRUE,31.3,0.6,DEG
2024.10.19_16.25.00,33.753750,-84.334105,"+033.753750d / -084.334105d",993,FEET,WGE,186,3307,TRUE,31.5,0.8,DEG
2024.10.19_16.25.00,33.753750,-84.334105,"+033.753750d / -084.334105d",993,FEET,WGE,187,3324,TRUE,31.8,0.6,DEG
2024.10.19_16.25.01,33.753744,-84.334111,"+033.753744d / -084.334111d",993,FEET,WGE,188,3342,TRUE,32.2,0.5,DEG
2024.10.19_16.25.01,33.753744,-84.334111,"+033.753744d / -084.334111d",993,FEET,WGE,189,3360,TRUE,32.6,0.1,DEG
2024.10.19_16.25.01,33.753744,-84.334111,"+033.753744d / -084.334111d",993,FEET,WGE,190,3378,TRUE,33.2,0.0,DEG
2024.10.19_16.25.01,33.753744,-84.334111,"+033.753744d / -084.334111d",993,FEET,WGE,191,3396,TRUE,34.0,0.5,DEG
2024.10.19_16.25.01,33.753744,-84.334111,"+033.753744d / -084.334111d",993,FEET,WGE,192,3413,TRUE,34.6,-0.1,DEG
2024.10.19_16.25.01,33.753744,-84.334111,"+033.753744d / -084.334111d",993,FEET,WGE,193,3431,TRUE,35.2,-0.7,DEG
2024.10.19_16.25.01,33.753744,-84.334111,"+033.753744d / -084.334111d",993,FEET,WGE,194,3449,TRUE,36.0,-1.2,DEG
2024.10.19_16.25.01,33.753744,-84.334111,"+033.753744d / -084.334111d",993,FEET,WGE,195,3467,TRUE,37.0,-1.8,DEG
2024.10.19_16.25.02,33.753744,-84.334111,"+033.753744d / -084.334111d",993,FEET,WGE,196,3484,TRUE,37.7,-2.3,DEG
2024.10.19_16.25.02,33.753732,-84.334093,"+033.753732d / -084.334093d",993,FEET,WGE,198,3520,TRUE,38.4,-2.8,DEG
2024.10.19_16.25.02,33.753732,-84.334093,"+033.753732d / -084.334093d",993,FEET,WGE,199,3538,TRUE,39.1,-3.1,DEG
2024.10.19_16.25.02,33.753732,-84.334093,"+033.753732d / -084.334093d",993,FEET,WGE,200,3556,TRUE,40.0,-3.6,DEG
2024.10.19_16.25.02,33.753732,-84.334093,"+033.753732d / -084.334093d",993,FEET,WGE,202,3591,TRUE,40.7,-4.5,DEG
2024.10.19_16.25.02,33.753732,-84.334093,"+033.753732d / -084.334093d",993,FEET,WGE,203,3609,TRUE,41.5,-5.4,DEG
2024.10.19_16.25.02,33.753732,-84.334093,"+033.753732d / -084.334093d",993,FEET,WGE,204,3627,TRUE,42.6,-5.9,DEG
2024.10.19_16.25.03,33.753732,-84.334093,"+033.753732d / -084.334093d",993,FEET,WGE,205,3644,TRUE,43.4,-7.1,DEG
2024.10.19_16.25.03,33.753728,-84.334092,"+033.753728d / -084.334092d",992,FEET,WGE,207,3680,TRUE,44.1,-7.7,DEG
2024.10.19_16.25.03,33.753728,-84.334092,"+033.753728d / -084.334092d",992,FEET,WGE,208,3698,TRUE,44.5,-7.7,DEG
2024.10.19_16.25.03,33.753728,-84.334092,"+033.753728d / -084.334092d",992,FEET,WGE,210,3733,TRUE,44.9,-8.6,DEG
2024.10.19_16.25.03,33.753728,-84.334092,"+033.753728d / -084.334092d",992,FEET,WGE,212,3769,TRUE,44.9,-8.4,DEG
2024.10.19_16.25.03,33.753728,-84.334092,"+033.753728d / -084.334092d",992,FEET,WGE,214,3804,TRUE,44.9,-8.6,DEG
2024.10.19_16.25.03,33.753728,-84.334092,"+033.753728d / -084.334092d",992,FEET,WGE,216,3840,TRUE,44.8,-9.2,DEG
2024.10.19_16.25.03,33.753728,-84.334092,"+033.753728d / -084.334092d",992,FEET,WGE,218,3876,TRUE,44.5,-8.9,DEG
2024.10.19_16.25.03,33.753728,-84.334092,"+033.753728d / -084.334092d",992,FEET,WGE,219,3893,TRUE,44.5,-8.7,DEG
2024.10.19_16.25.04,33.753730,-84.334087,"+033.753730d / -084.334087d",993,FEET,WGE,220,3911,TRUE,45.6,-8.9,DEG
2024.10.19_16.25.04,33.753730,-84.334087,"+033.753730d / -084.334087d",993,FEET,WGE,218,3876,TRUE,46.7,-9.1,DEG
2024.10.19_16.25.04,33.753730,-84.334087,"+033.753730d / -084.334087d",993,FEET,WGE,217,3858,TRUE,48.0,-9.4,DEG
2024.10.19_16.25.04,33.753730,-84.334087,"+033.753730d / -084.334087d",993,FEET,WGE,216,3840,TRUE,49.3,-9.7,DEG
2024.10.19_16.25.04,33.753730,-84.334087,"+033.753730d / -084.334087d",993,FEET,WGE,216,3840,TRUE,50.8,-10.2,DEG
2024.10.19_16.25.04,33.753730,-84.334087,"+033.753730d / -084.334087d",993,FEET,WGE,215,3822,TRUE,52.2,-10.4,DEG
2024.10.19_16.25.04,33.753730,-84.334087,"+033.753730d / -084.334087d",993,FEET,WGE,215,3822,TRUE,53.1,-10.6,DEG
2024.10.19_16.25.04,33.753730,-84.334087,"+033.753730d / -084.334087d",993,FEET,WGE,215,3822,TRUE,53.8,-10.5,DEG
2024.10.19_16.25.04,33.753730,-84.334087,"+033.753730d / -084.334087d",993,FEET,WGE,214,3804,TRUE,55.1,-9.8,DEG
2024.10.19_16.25.04,33.753730,-84.334087,"+033.753730d / -084.334087d",993,FEET,WGE,213,3787,TRUE,56.5,-10.0,DEG
2024.10.19_16.25.04,33.753730,-84.334087,"+033.753730d / -084.334087d",993,FEET,WGE,214,3804,TRUE,57.3,-9.6,DEG
2024.10.19_16.25.04,33.753730,-84.334087,"+033.753730d / -084.334087d",993,FEET,WGE,214,3804,TRUE,57.7,-8.9,DEG
2024.10.19_16.25.05,33.753730,-84.334087,"+033.753730d / -084.334087d",993,FEET,WGE,214,3804,TRUE,58.4,-9.5,DEG
2024.10.19_16.25.05,33.753735,-84.334094,"+033.753735d / -084.334094d",994,FEET,WGE,213,3787,TRUE,59.2,-10.8,DEG
2024.10.19_16.25.05,33.753735,-84.334094,"+033.753735d / -084.334094d",994,FEET,WGE,213,3787,TRUE,60.6,-12.3,DEG
2024.10.19_16.25.05,33.753735,-84.334094,"+033.753735d / -084.334094d",994,FEET,WGE,213,3787,TRUE,61.5,-14.1,DEG
2024.10.19_16.25.05,33.753735,-84.334094,"+033.753735d / -084.334094d",994,FEET,WGE,212,3769,TRUE,62.1,-14.8,DEG
2024.10.19_16.25.05,33.753735,-84.334094,"+033.753735d / -084.334094d",994,FEET,WGE,211,3751,TRUE,63.1,-15.9,DEG
2024.10.19_16.25.05,33.753735,-84.334094,"+033.753735d / -084.334094d",994,FEET,WGE,211,3751,TRUE,64.0,-18.3,DEG
2024.10.19_16.25.05,33.753735,-84.334094,"+033.753735d / -084.334094d",994,FEET,WGE,210,3733,TRUE,64.8,-20.5,DEG
2024.10.19_16.25.05,33.753735,-84.334094,"+033.753735d / -084.334094d",994,FEET,WGE,210,3733,TRUE,63.8,-19.4,DEG
2024.10.19_16.25.05,33.753735,-84.334094,"+033.753735d / -084.334094d",994,FEET,WGE,210,3733,TRUE,62.8,-19.2,DEG
2024.10.19_16.25.05,33.753735,-84.334094,"+033.753735d / -084.334094d",994,FEET,WGE,210,3733,TRUE,62.2,-18.0,DEG
2024.10.19_16.25.05,33.753735,-84.334094,"+033.753735d / -084.334094d",994,FEET,WGE,210,3733,TRUE,61.2,-16.8,DEG
2024.10.19_16.25.06,33.753735,-84.334094,"+033.753735d / -084.334094d",994,FEET,WGE,210,3733,TRUE,60.8,-15.7,DEG
2024.10.19_16.25.06,33.753731,-84.334107,"+033.753731d / -084.334107d",993,FEET,WGE,211,3751,TRUE,61.4,-16.3,DEG
2024.10.19_16.25.06,33.753731,-84.334107,"+033.753731d / -084.334107d",993,FEET,WGE,212,3769,TRUE,61.4,-16.9,DEG
2024.10.19_16.25.06,33.753731,-84.334107,"+033.753731d / -084.334107d",993,FEET,WGE,213,3787,TRUE,61.0,-15.7,DEG
2024.10.19_16.25.06,33.753731,-84.334107,"+033.753731d / -084.334107d",993,FEET,WGE,213,3787,TRUE,61.6,-15.9,DEG
2024.10.19_16.25.06,33.753731,-84.334107,"+033.753731d / -084.334107d",993,FEET,WGE,214,3804,TRUE,62.2,-17.3,DEG
2024.10.19_16.25.06,33.753731,-84.334107,"+033.753731d / -084.334107d",993,FEET,WGE,215,3822,TRUE,62.3,-17.6,DEG
2024.10.19_16.25.06,33.753731,-84.334107,"+033.753731d / -084.334107d",993,FEET,WGE,216,3840,TRUE,62.8,-18.7,DEG
2024.10.19_16.25.06,33.753731,-84.334107,"+033.753731d / -084.334107d",993,FEET,WGE,217,3858,TRUE,63.3,-19.5,DEG
2024.10.19_16.25.06,33.753731,-84.334107,"+033.753731d / -084.334107d",993,FEET,WGE,218,3876,TRUE,63.4,-20.0,DEG
2024.10.19_16.25.06,33.753731,-84.334107,"+033.753731d / -084.334107d",993,FEET,WGE,219,3893,TRUE,63.5,-20.4,DEG
2024.10.19_16.25.06,33.753731,-84.334107,"+033.753731d / -084.334107d",993,FEET,WGE,220,3911,TRUE,63.9,-21.7,DEG
2024.10.19_16.25.07,33.753731,-84.334107,"+033.753731d / -084.334107d",993,FEET,WGE,221,3929,TRUE,64.3,-23.5,DEG
2024.10.19_16.25.07,33.753727,-84.334108,"+033.753727d / -084.334108d",994,FEET,WGE,222,3947,TRUE,64.5,-25.0,DEG
2024.10.19_16.25.07,33.753727,-84.334108,"+033.753727d / -084.334108d",994,FEET,WGE,222,3947,TRUE,64.9,-25.7,DEG
2024.10.19_16.25.07,33.753727,-84.334108,"+033.753727d / -084.334108d",994,FEET,WGE,224,3982,TRUE,65.3,-26.5,DEG
2024.10.19_16.25.07,33.753727,-84.334108,"+033.753727d / -084.334108d",994,FEET,WGE,224,3982,TRUE,65.5,-27.7,DEG
2024.10.19_16.25.07,33.753727,-84.334108,"+033.753727d / -084.334108d",994,FEET,WGE,225,4000,TRUE,65.6,-29.0,DEG
2024.10.19_16.25.07,33.753727,-84.334108,"+033.753727d / -084.334108d",994,FEET,WGE,226,4018,TRUE,65.7,-30.0,DEG
2024.10.19_16.25.07,33.753727,-84.334108,"+033.753727d / -084.334108d",994,FEET,WGE,227,4036,TRUE,65.3,-29.5,DEG
2024.10.19_16.25.07,33.753727,-84.334108,"+033.753727d / -084.334108d",994,FEET,WGE,228,4053,TRUE,65.3,-29.4,DEG
2024.10.19_16.25.07,33.753727,-84.334108,"+033.753727d / -084.334108d",994,FEET,WGE,229,4071,TRUE,65.4,-29.8,DEG
2024.10.19_16.25.07,33.753727,-84.334108,"+033.753727d / -084.334108d",994,FEET,WGE,231,4107,TRUE,65.4,-30.3,DEG
2024.10.19_16.25.07,33.753727,-84.334108,"+033.753727d / -084.334108d",994,FEET,WGE,232,4124,TRUE,65.3,-30.2,DEG
2024.10.19_16.25.07,33.753727,-84.334108,"+033.753727d / -084.334108d",994,FEET,WGE,233,4142,TRUE,65.1,-30.4,DEG
2024.10.19_16.25.07,33.753727,-84.334108,"+033.753727d / -084.334108d",994,FEET,WGE,234,4160,TRUE,64.8,-30.6,DEG
2024.10.19_16.25.08,33.753727,-84.334108,"+033.753727d / -084.334108d",994,FEET,WGE,235,4178,TRUE,64.2,-29.6,DEG
2024.10.19_16.25.08,33.753730,-84.334102,"+033.753730d / -084.334102d",994,FEET,WGE,236,4196,TRUE,63.8,-28.5,DEG
2024.10.19_16.25.08,33.753730,-84.334102,"+033.753730d / -084.334102d",994,FEET,WGE,238,4231,TRUE,63.4,-28.6,DEG
2024.10.19_16.25.08,33.753730,-84.334102,"+033.753730d / -084.334102d",994,FEET,WGE,239,4249,TRUE,63.2,-28.6,DEG
2024.10.19_16.25.08,33.753730,-84.334102,"+033.753730d / -084.334102d",994,FEET,WGE,241,4284,TRUE,62.7,-27.7,DEG
2024.10.19_16.25.08,33.753730,-84.334102,"+033.753730d / -084.334102d",994,FEET,WGE,242,4302,TRUE,62.7,-27.9,DEG
2024.10.19_16.25.08,33.753730,-84.334102,"+033.753730d / -084.334102d",994,FEET,WGE,243,4320,TRUE,62.2,-27.6,DEG
2024.10.19_16.25.08,33.753730,-84.334102,"+033.753730d / -084.334102d",994,FEET,WGE,244,4338,TRUE,62.0,-26.0,DEG
2024.10.19_16.25.08,33.753730,-84.334102,"+033.753730d / -084.334102d",994,FEET,WGE,245,4356,TRUE,62.0,-23.8,DEG
2024.10.19_16.25.08,33.753730,-84.334102,"+033.753730d / -084.334102d",994,FEET,WGE,247,4391,TRUE,61.7,-23.3,DEG
2024.10.19_16.25.08,33.753730,-84.334102,"+033.753730d / -084.334102d",994,FEET,WGE,248,4409,TRUE,61.6,-23.4,DEG
2024.10.19_16.25.08,33.753730,-84.334102,"+033.753730d / -084.334102d",994,FEET,WGE,249,4427,TRUE,61.1,-23.0,DEG
2024.10.19_16.25.08,33.753730,-84.334102,"+033.753730d / -084.334102d",994,FEET,WGE,250,4444,TRUE,61.0,-22.6,DEG
2024.10.19_16.25.08,33.753730,-84.334102,"+033.753730d / -084.334102d",994,FEET,WGE,252,4480,TRUE,60.8,-22.3,DEG
2024.10.19_16.25.08,33.753730,-84.334102,"+033.753730d / -084.334102d",994,FEET,WGE,253,4498,TRUE,60.9,-22.4,DEG
2024.10.19_16.25.09,33.753725,-84.334103,"+033.753725d / -084.334103d",994,FEET,WGE,255,4533,TRUE,60.6,-22.4,DEG
2024.10.19_16.25.09,33.753725,-84.334103,"+033.753725d / -084.334103d",994,FEET,WGE,256,4551,TRUE,60.2,-22.7,DEG
2024.10.19_16.25.09,33.753725,-84.334103,"+033.753725d / -084.334103d",994,FEET,WGE,257,4569,TRUE,59.9,-22.5,DEG
2024.10.19_16.25.09,33.753725,-84.334103,"+033.753725d / -084.334103d",994,FEET,WGE,259,4604,TRUE,59.4,-21.8,DEG
2024.10.19_16.25.09,33.753725,-84.334103,"+033.753725d / -084.334103d",994,FEET,WGE,259,4604,TRUE,59.4,-22.8,DEG
2024.10.19_16.25.09,33.753725,-84.334103,"+033.753725d / -084.334103d",994,FEET,WGE,261,4640,TRUE,59.3,-23.9,DEG
2024.10.19_16.25.09,33.753725,-84.334103,"+033.753725d / -084.334103d",994,FEET,WGE,262,4658,TRUE,59.3,-24.2,DEG
2024.10.19_16.25.09,33.753725,-84.334103,"+033.753725d / -084.334103d",994,FEET,WGE,263,4676,TRUE,59.3,-24.3,DEG
2024.10.19_16.25.09,33.753725,-84.334103,"+033.753725d / -084.334103d",994,FEET,WGE,264,4693,TRUE,59.1,-25.3,DEG
2024.10.19_16.25.09,33.753725,-84.334103,"+033.753725d / -084.334103d",994,FEET,WGE,266,4729,TRUE,58.7,-25.5,DEG
2024.10.19_16.25.09,33.753725,-84.334103,"+033.753725d / -084.334103d",994,FEET,WGE,267,4747,TRUE,58.0,-25.6,DEG
2024.10.19_16.25.09,33.753725,-84.334103,"+033.753725d / -084.334103d",994,FEET,WGE,268,4764,TRUE,57.5,-25.3,DEG
2024.10.19_16.25.10,33.753725,-84.334103,"+033.753725d / -084.334103d",994,FEET,WGE,269,4782,TRUE,57.5,-24.9,DEG
2024.10.19_16.25.10,33.753725,-84.334103,"+033.753725d / -084.334103d",994,FEET,WGE,270,4800,TRUE,57.5,-25.0,DEG
2024.10.19_16.25.10,33.753721,-84.334090,"+033.753721d / -084.334090d",996,FEET,WGE,272,4836,TRUE,57.4,-25.9,DEG
2024.10.19_16.25.10,33.753721,-84.334090,"+033.753721d / -084.334090d",996,FEET,WGE,273,4853,TRUE,57.0,-26.0,DEG
2024.10.19_16.25.10,33.753721,-84.334090,"+033.753721d / -084.334090d",996,FEET,WGE,275,4889,TRUE,56.9,-25.3,DEG
2024.10.19_16.25.10,33.753721,-84.334090,"+033.753721d / -084.334090d",996,FEET,WGE,276,4907,TRUE,56.6,-24.6,DEG
2024.10.19_16.25.10,33.753721,-84.334090,"+033.753721d / -084.334090d",996,FEET,WGE,277,4924,TRUE,56.2,-23.4,DEG
2024.10.19_16.25.10,33.753721,-84.334090,"+033.753721d / -084.334090d",996,FEET,WGE,278,4942,TRUE,56.3,-22.7,DEG
2024.10.19_16.25.10,33.753721,-84.334090,"+033.753721d / -084.334090d",996,FEET,WGE,279,4960,TRUE,56.4,-23.1,DEG
2024.10.19_16.25.10,33.753721,-84.334090,"+033.753721d / -084.334090d",996,FEET,WGE,280,4978,TRUE,56.5,-23.3,DEG
2024.10.19_16.25.10,33.753721,-84.334090,"+033.753721d / -084.334090d",996,FEET,WGE,282,5013,TRUE,56.6,-23.3,DEG
2024.10.19_16.25.10,33.753721,-84.334090,"+033.753721d / -084.334090d",996,FEET,WGE,284,5049,TRUE,56.8,-22.4,DEG
2024.10.19_16.25.10,33.753721,-84.334090,"+033.753721d / -084.334090d",996,FEET,WGE,285,5067,TRUE,56.5,-20.6,DEG
2024.10.19_16.25.10,33.753721,-84.334090,"+033.753721d / -084.334090d",996,FEET,WGE,286,5084,TRUE,56.2,-20.1,DEG
2024.10.19_16.25.10,33.753721,-84.334090,"+033.753721d / -084.334090d",996,FEET,WGE,288,5120,TRUE,55.3,-18.5,DEG
2024.10.19_16.25.10,33.753721,-84.334090,"+033.753721d / -084.334090d",996,FEET,WGE,290,5156,TRUE,54.2,-17.0,DEG
2024.10.19_16.25.11,33.753721,-84.334090,"+033.753721d / -084.334090d",996,FEET,WGE,290,5156,TRUE,52.8,-17.0,DEG
2024.10.19_16.25.11,33.753725,-84.334087,"+033.753725d / -084.334087d",997,FEET,WGE,291,5173,TRUE,51.8,-14.8,DEG
2024.10.19_16.25.11,33.753725,-84.334087,"+033.753725d / -084.334087d",997,FEET,WGE,291,5173,TRUE,50.7,-12.6,DEG
2024.10.19_16.25.11,33.753725,-84.334087,"+033.753725d / -084.334087d",997,FEET,WGE,291,5173,TRUE,49.8,-12.3,DEG
2024.10.19_16.25.11,33.753725,-84.334087,"+033.753725d / -084.334087d",997,FEET,WGE,293,5209,TRUE,49.4,-12.5,DEG
2024.10.19_16.25.11,33.753725,-84.334087,"+033.753725d / -084.334087d",997,FEET,WGE,294,5227,TRUE,48.9,-12.1,DEG
2024.10.19_16.25.11,33.753725,-84.334087,"+033.753725d / -084.334087d",997,FEET,WGE,295,5244,TRUE,48.7,-12.9,DEG
2024.10.19_16.25.11,33.753725,-84.334087,"+033.753725d / -084.334087d",997,FEET,WGE,297,5280,TRUE,48.1,-12.9,DEG
2024.10.19_16.25.11,33.753725,-84.334087,"+033.753725d / -084.334087d",997,FEET,WGE,298,5298,TRUE,47.2,-12.3,DEG
2024.10.19_16.25.11,33.753725,-84.334087,"+033.753725d / -084.334087d",997,FEET,WGE,299,5316,TRUE,46.9,-12.3,DEG
2024.10.19_16.25.11,33.753725,-84.334087,"+033.753725d / -084.334087d",997,FEET,WGE,300,5333,TRUE,46.4,-11.5,DEG
2024.10.19_16.25.12,33.753725,-84.334087,"+033.753725d / -084.334087d",997,FEET,WGE,301,5351,TRUE,45.7,-11.6,DEG
2024.10.19_16.25.12,33.753730,-84.334083,"+033.753730d / -084.334083d",996,FEET,WGE,304,5404,TRUE,45.3,-11.3,DEG
2024.10.19_16.25.12,33.753730,-84.334083,"+033.753730d / -084.334083d",996,FEET,WGE,309,5493,TRUE,44.6,-10.7,DEG
2024.10.19_16.25.12,33.753730,-84.334083,"+033.753730d / -084.334083d",996,FEET,WGE,312,5547,TRUE,44.2,-10.1,DEG
2024.10.19_16.25.12,33.753730,-84.334083,"+033.753730d / -084.334083d",996,FEET,WGE,315,5600,TRUE,43.6,-9.8,DEG
2024.10.19_16.25.12,33.753730,-84.334083,"+033.753730d / -084.334083d",996,FEET,WGE,318,5653,TRUE,43.1,-9.2,DEG
2024.10.19_16.25.12,33.753730,-84.334083,"+033.753730d / -084.334083d",996,FEET,WGE,320,5689,TRUE,43.1,-8.8,DEG
2024.10.19_16.25.12,33.753730,-84.334083,"+033.753730d / -084.334083d",996,FEET,WGE,321,5707,TRUE,43.2,-9.0,DEG
2024.10.19_16.25.12,33.753730,-84.334083,"+033.753730d / -084.334083d",996,FEET,WGE,323,5742,TRUE,43.7,-9.2,DEG
2024.10.19_16.25.12,33.753730,-84.334083,"+033.753730d / -084.334083d",996,FEET,WGE,325,5778,TRUE,44.0,-9.5,DEG
2024.10.19_16.25.12,33.753730,-84.334083,"+033.753730d / -084.334083d",996,FEET,WGE,326,5796,TRUE,44.4,-9.8,DEG
2024.10.19_16.25.12,33.753730,-84.334083,"+033.753730d / -084.334083d",996,FEET,WGE,328,5831,TRUE,45.0,-10.3,DEG
2024.10.19_16.25.13,33.753730,-84.334083,"+033.753730d / -084.334083d",996,FEET,WGE,329,5849,TRUE,46.0,-10.7,DEG
2024.10.19_16.25.13,33.753724,-84.334081,"+033.753724d / -084.334081d",996,FEET,WGE,329,5849,TRUE,46.8,-11.1,DEG
2024.10.19_16.25.13,33.753724,-84.334081,"+033.753724d / -084.334081d",996,FEET,WGE,328,5831,TRUE,47.8,-11.6,DEG
2024.10.19_16.25.13,33.753724,-84.334081,"+033.753724d / -084.334081d",996,FEET,WGE,327,5813,TRUE,48.6,-11.5,DEG
2024.10.19_16.25.13,33.753724,-84.334081,"+033.753724d / -084.334081d",996,FEET,WGE,326,5796,TRUE,49.6,-12.6,DEG
2024.10.19_16.25.13,33.753724,-84.334081,"+033.753724d / -084.334081d",996,FEET,WGE,325,5778,TRUE,50.4,-13.5,DEG
2024.10.19_16.25.13,33.753724,-84.334081,"+033.753724d / -084.334081d",996,FEET,WGE,325,5778,TRUE,51.5,-14.0,DEG
2024.10.19_16.25.13,33.753724,-84.334081,"+033.753724d / -084.334081d",996,FEET,WGE,324,5760,TRUE,52.6,-14.7,DEG
2024.10.19_16.25.13,33.753724,-84.334081,"+033.753724d / -084.334081d",996,FEET,WGE,324,5760,TRUE,53.8,-15.2,DEG
2024.10.19_16.25.13,33.753724,-84.334081,"+033.753724d / -084.334081d",996,FEET,WGE,324,5760,TRUE,54.6,-16.4,DEG
2024.10.19_16.25.14,33.753724,-84.334078,"+033.753724d / -084.334078d",996,FEET,WGE,324,5760,TRUE,55.4,-16.9,DEG
2024.10.19_16.25.14,33.753724,-84.334078,"+033.753724d / -084.334078d",996,FEET,WGE,324,5760,TRUE,56.2,-18.0,DEG
2024.10.19_16.25.14,33.753724,-84.334078,"+033.753724d / -084.334078d",996,FEET,WGE,325,5778,TRUE,56.8,-18.7,DEG
2024.10.19_16.25.14,33.753724,-84.334078,"+033.753724d / -084.334078d",996,FEET,WGE,325,5778,TRUE,57.3,-18.9,DEG
2024.10.19_16.25.14,33.753724,-84.334078,"+033.753724d / -084.334078d",996,FEET,WGE,326,5796,TRUE,57.9,-19.7,DEG
2024.10.19_16.25.14,33.753724,-84.334078,"+033.753724d / -084.334078d",996,FEET,WGE,326,5796,TRUE,58.5,-19.9,DEG
2024.10.19_16.25.14,33.753724,-84.334078,"+033.753724d / -084.334078d",996,FEET,WGE,327,5813,TRUE,58.7,-20.8,DEG
2024.10.19_16.25.14,33.753724,-84.334078,"+033.753724d / -084.334078d",996,FEET,WGE,328,5831,TRUE,58.8,-21.6,DEG
2024.10.19_16.25.14,33.753724,-84.334078,"+033.753724d / -084.334078d",996,FEET,WGE,329,5849,TRUE,59.0,-21.8,DEG
2024.10.19_16.25.15,33.753723,-84.334076,"+033.753723d / -084.334076d",996,FEET,WGE,330,5867,TRUE,59.3,-22.2,DEG
2024.10.19_16.25.15,33.753723,-84.334076,"+033.753723d / -084.334076d",996,FEET,WGE,331,5884,TRUE,59.3,-22.5,DEG
2024.10.19_16.25.15,33.753723,-84.334076,"+033.753723d / -084.334076d",996,FEET,WGE,332,5902,TRUE,59.1,-22.9,DEG
2024.10.19_16.25.15,33.753723,-84.334076,"+033.753723d / -084.334076d",996,FEET,WGE,332,5902,TRUE,59.0,-23.0,DEG
2024.10.19_16.25.15,33.753723,-84.334076,"+033.753723d / -084.334076d",996,FEET,WGE,333,5920,TRUE,59.0,-22.8,DEG
2024.10.19_16.25.15,33.753723,-84.334076,"+033.753723d / -084.334076d",996,FEET,WGE,334,5938,TRUE,59.1,-22.8,DEG
2024.10.19_16.25.15,33.753723,-84.334076,"+033.753723d / -084.334076d",996,FEET,WGE,336,5973,TRUE,58.8,-22.5,DEG
2024.10.19_16.25.15,33.753723,-84.334076,"+033.753723d / -084.334076d",996,FEET,WGE,337,5991,TRUE,58.5,-22.4,DEG
2024.10.19_16.25.15,33.753723,-84.334076,"+033.753723d / -084.334076d",996,FEET,WGE,338,6009,TRUE,58.0,-22.2,DEG
2024.10.19_16.25.15,33.753723,-84.334076,"+033.753723d / -084.334076d",996,FEET,WGE,340,6044,TRUE,57.5,-21.3,DEG
2024.10.19_16.25.15,33.753723,-84.334076,"+033.753723d / -084.334076d",996,FEET,WGE,341,6062,TRUE,57.1,-20.1,DEG
2024.10.19_16.25.15,33.753723,-84.334076,"+033.753723d / -084.334076d",996,FEET,WGE,342,6080,TRUE,56.7,-19.3,DEG
2024.10.19_16.25.15,33.753723,-84.334076,"+033.753723d / -084.334076d",996,FEET,WGE,344,6116,TRUE,56.1,-18.5,DEG
2024.10.19_16.25.15,33.753723,-84.334076,"+033.753723d / -084.334076d",996,FEET,WGE,345,6133,TRUE,56.0,-18.9,DEG
2024.10.19_16.25.16,33.753723,-84.334076,"+033.753723d / -084.334076d",996,FEET,WGE,347,6169,TRUE,55.8,-18.0,DEG
2024.10.19_16.25.16,33.753720,-84.334076,"+033.753720d / -084.334076d",996,FEET,WGE,348,6187,TRUE,55.5,-17.7,DEG
2024.10.19_16.25.16,33.753720,-84.334076,"+033.753720d / -084.334076d",996,FEET,WGE,350,6222,TRUE,55.5,-17.5,DEG
2024.10.19_16.25.16,33.753720,-84.334076,"+033.753720d / -084.334076d",996,FEET,WGE,350,6222,TRUE,55.7,-16.8,DEG
2024.10.19_16.25.16,33.753720,-84.334076,"+033.753720d / -084.334076d",996,FEET,WGE,352,6258,TRUE,55.7,-16.2,DEG
2024.10.19_16.25.16,33.753720,-84.334076,"+033.753720d / -084.334076d",996,FEET,WGE,353,6276,TRUE,55.8,-16.2,DEG
2024.10.19_16.25.16,33.753720,-84.334076,"+033.753720d / -084.334076d",996,FEET,WGE,355,6311,TRUE,55.6,-16.5,DEG
2024.10.19_16.25.16,33.753720,-84.334076,"+033.753720d / -084.334076d",996,FEET,WGE,356,6329,TRUE,55.8,-16.8,DEG
2024.10.19_16.25.16,33.753720,-84.334076,"+033.753720d / -084.334076d",996,FEET,WGE,357,6347,TRUE,56.0,-16.8,DEG
2024.10.19_16.25.16,33.753720,-84.334076,"+033.753720d / -084.334076d",996,FEET,WGE,359,6382,TRUE,55.9,-16.6,DEG
2024.10.19_16.25.16,33.753720,-84.334076,"+033.753720d / -084.334076d",996,FEET,WGE,360,6400,TRUE,55.7,-16.0,DEG
2024.10.19_16.25.16,33.753720,-84.334076,"+033.753720d / -084.334076d",996,FEET,WGE,1,18,TRUE,55.6,-15.0,DEG
2024.10.19_16.25.16,33.753720,-84.334076,"+033.753720d / -084.334076d",996,FEET,WGE,2,36,TRUE,55.4,-14.3,DEG
2024.10.19_16.25.16,33.753720,-84.334076,"+033.753720d / -084.334076d",996,FEET,WGE,3,53,TRUE,55.3,-14.0,DEG
2024.10.19_16.25.16,33.753720,-84.334076,"+033.753720d / -084.334076d",996,FEET,WGE,4,71,TRUE,55.0,-14.2,DEG
2024.10.19_16.25.17,33.753720,-84.334076,"+033.753720d / -084.334076d",996,FEET,WGE,5,89,TRUE,55.0,-15.0,DEG
2024.10.19_16.25.17,33.753722,-84.334076,"+033.753722d / -084.334076d",996,FEET,WGE,7,124,TRUE,55.0,-15.5,DEG
2024.10.19_16.25.17,33.753722,-84.334076,"+033.753722d / -084.334076d",996,FEET,WGE,8,142,TRUE,54.7,-15.5,DEG
2024.10.19_16.25.17,33.753722,-84.334076,"+033.753722d / -084.334076d",996,FEET,WGE,9,160,TRUE,54.3,-16.0,DEG
2024.10.19_16.25.17,33.753722,-84.334076,"+033.753722d / -084.334076d",996,FEET,WGE,10,178,TRUE,54.2,-16.7,DEG
2024.10.19_16.25.17,33.753722,-84.334076,"+033.753722d / -084.334076d",996,FEET,WGE,11,196,TRUE,54.2,-16.9,DEG
2024.10.19_16.25.17,33.753722,-84.334076,"+033.753722d / -084.334076d",996,FEET,WGE,13,231,TRUE,53.9,-17.2,DEG
2024.10.19_16.25.17,33.753722,-84.334076,"+033.753722d / -084.334076d",996,FEET,WGE,14,249,TRUE,53.5,-17.3,DEG
2024.10.19_16.25.17,33.753722,-84.334076,"+033.753722d / -084.334076d",996,FEET,WGE,14,249,TRUE,53.2,-17.2,DEG
2024.10.19_16.25.17,33.753722,-84.334076,"+033.753722d / -084.334076d",996,FEET,WGE,16,284,TRUE,53.0,-17.2,DEG
2024.10.19_16.25.17,33.753722,-84.334076,"+033.753722d / -084.334076d",996,FEET,WGE,17,302,TRUE,52.5,-16.9,DEG
2024.10.19_16.25.18,33.753722,-84.334076,"+033.753722d / -084.334076d",996,FEET,WGE,18,320,TRUE,52.0,-17.1,DEG
2024.10.19_16.25.18,33.753724,-84.334072,"+033.753724d / -084.334072d",996,FEET,WGE,19,338,TRUE,51.6,-17.8,DEG
2024.10.19_16.25.18,33.753724,-84.334072,"+033.753724d / -084.334072d",996,FEET,WGE,21,373,TRUE,51.0,-17.7,DEG
2024.10.19_16.25.18,33.753724,-84.334072,"+033.753724d / -084.334072d",996,FEET,WGE,22,391,TRUE,50.8,-17.8,DEG
2024.10.19_16.25.18,33.753724,-84.334072,"+033.753724d / -084.334072d",996,FEET,WGE,23,409,TRUE,50.3,-18.3,DEG
2024.10.19_16.25.18,33.753724,-84.334072,"+033.753724d / -084.334072d",996,FEET,WGE,24,427,TRUE,49.9,-18.6,DEG
2024.10.19_16.25.18,33.753724,-84.334072,"+033.753724d / -084.334072d",996,FEET,WGE,25,444,TRUE,49.6,-19.1,DEG
2024.10.19_16.25.18,33.753724,-84.334072,"+033.753724d / -084.334072d",996,FEET,WGE,26,462,TRUE,49.3,-19.3,DEG
2024.10.19_16.25.18,33.753724,-84.334072,"+033.753724d / -084.334072d",996,FEET,WGE,27,480,TRUE,49.1,-19.2,DEG
2024.10.19_16.25.18,33.753724,-84.334072,"+033.753724d / -084.334072d",996,FEET,WGE,29,516,TRUE,49.1,-19.7,DEG
2024.10.19_16.25.18,33.753724,-84.334072,"+033.753724d / -084.334072d",996,FEET,WGE,30,533,TRUE,48.9,-19.9,DEG
2024.10.19_16.25.18,33.753724,-84.334072,"+033.753724d / -084.334072d",996,FEET,WGE,31,551,TRUE,48.7,-20.3,DEG
2024.10.19_16.25.19,33.753724,-84.334072,"+033.753724d / -084.334072d",996,FEET,WGE,32,569,TRUE,48.6,-20.1,DEG
2024.10.19_16.25.19,33.753721,-84.334070,"+033.753721d / -084.334070d",996,FEET,WGE,33,587,TRUE,48.2,-19.8,DEG
2024.10.19_16.25.19,33.753721,-84.334070,"+033.753721d / -084.334070d",996,FEET,WGE,34,604,TRUE,47.9,-19.4,DEG
2024.10.19_16.25.19,33.753721,-84.334070,"+033.753721d / -084.334070d",996,FEET,WGE,35,622,TRUE,47.3,-19.3,DEG
2024.10.19_16.25.19,33.753721,-84.334070,"+033.753721d / -084.334070d",996,FEET,WGE,36,640,TRUE,46.4,-19.4,DEG
2024.10.19_16.25.19,33.753721,-84.334070,"+033.753721d / -084.334070d",996,FEET,WGE,38,676,TRUE,45.7,-18.4,DEG
2024.10.19_16.25.19,33.753721,-84.334070,"+033.753721d / -084.334070d",996,FEET,WGE,42,747,TRUE,44.8,-17.7,DEG
2024.10.19_16.25.19,33.753721,-84.334070,"+033.753721d / -084.334070d",996,FEET,WGE,48,853,TRUE,44.3,-18.0,DEG
2024.10.19_16.25.19,33.753721,-84.334070,"+033.753721d / -084.334070d",996,FEET,WGE,52,924,TRUE,43.7,-16.8,DEG
2024.10.19_16.25.19,33.753721,-84.334070,"+033.753721d / -084.334070d",996,FEET,WGE,55,978,TRUE,43.3,-16.5,DEG
2024.10.19_16.25.19,33.753721,-84.334070,"+033.753721d / -084.334070d",996,FEET,WGE,59,1049,TRUE,42.6,-16.6,DEG
2024.10.19_16.25.19,33.753721,-84.334070,"+033.753721d / -084.334070d",996,FEET,WGE,63,1120,TRUE,41.8,-15.8,DEG
2024.10.19_16.25.20,33.753719,-84.334067,"+033.753719d / -084.334067d",995,FEET,WGE,64,1138,TRUE,40.7,-15.2,DEG
2024.10.19_16.25.20,33.753719,-84.334067,"+033.753719d / -084.334067d",995,FEET,WGE,65,1156,TRUE,40.0,-14.1,DEG
2024.10.19_16.25.20,33.753719,-84.334067,"+033.753719d / -084.334067d",995,FEET,WGE,66,1173,TRUE,39.0,-14.3,DEG
2024.10.19_16.25.20,33.753719,-84.334067,"+033.753719d / -084.334067d",995,FEET,WGE,68,1209,TRUE,38.3,-14.3,DEG
2024.10.19_16.25.20,33.753719,-84.334067,"+033.753719d / -084.334067d",995,FEET,WGE,69,1227,TRUE,37.5,-14.0,DEG
2024.10.19_16.25.20,33.753719,-84.334067,"+033.753719d / -084.334067d",995,FEET,WGE,71,1262,TRUE,36.8,-13.6,DEG
2024.10.19_16.25.20,33.753719,-84.334067,"+033.753719d / -084.334067d",995,FEET,WGE,72,1280,TRUE,36.0,-12.2,DEG
2024.10.19_16.25.20,33.753719,-84.334067,"+033.753719d / -084.334067d",995,FEET,WGE,73,1298,TRUE,35.3,-10.3,DEG
2024.10.19_16.25.20,33.753719,-84.334067,"+033.753719d / -084.334067d",995,FEET,WGE,73,1298,TRUE,35.0,-9.3,DEG
2024.10.19_16.25.20,33.753719,-84.334067,"+033.753719d / -084.334067d",995,FEET,WGE,72,1280,TRUE,34.3,-8.5,DEG
2024.10.19_16.25.20,33.753719,-84.334067,"+033.753719d / -084.334067d",995,FEET,WGE,72,1280,TRUE,33.1,-6.8,DEG
2024.10.19_16.25.20,33.753719,-84.334067,"+033.753719d / -084.334067d",995,FEET,WGE,72,1280,TRUE,32.2,-6.5,DEG
2024.10.19_16.25.21,33.753719,-84.334067,"+033.753719d / -084.334067d",995,FEET,WGE,73,1298,TRUE,31.7,-6.6,DEG
2024.10.19_16.25.21,33.753719,-84.334067,"+033.753719d / -084.334067d",995,FEET,WGE,73,1298,TRUE,31.3,-6.2,DEG
2024.10.19_16.25.21,33.753723,-84.334066,"+033.753723d / -084.334066d",995,FEET,WGE,73,1298,TRUE,30.4,-5.8,DEG
2024.10.19_16.25.21,33.753723,-84.334066,"+033.753723d / -084.334066d",995,FEET,WGE,73,1298,TRUE,29.5,-5.2,DEG
2024.10.19_16.25.21,33.753723,-84.334066,"+033.753723d / -084.334066d",995,FEET,WGE,73,1298,TRUE,29.5,-4.7,DEG
2024.10.19_16.25.21,33.753723,-84.334066,"+033.753723d / -084.334066d",995,FEET,WGE,73,1298,TRUE,29.4,-4.6,DEG
2024.10.19_16.25.21,33.753723,-84.334066,"+033.753723d / -084.334066d",995,FEET,WGE,75,1333,TRUE,29.4,-4.1,DEG
2024.10.19_16.25.21,33.753723,-84.334066,"+033.753723d / -084.334066d",995,FEET,WGE,75,1333,TRUE,29.3,-4.2,DEG
2024.10.19_16.25.21,33.753723,-84.334066,"+033.753723d / -084.334066d",995,FEET,WGE,76,1351,TRUE,29.2,-4.0,DEG
2024.10.19_16.25.21,33.753723,-84.334066,"+033.753723d / -084.334066d",995,FEET,WGE,77,1369,TRUE,29.2,-3.7,DEG
2024.10.19_16.25.21,33.753723,-84.334066,"+033.753723d / -084.334066d",995,FEET,WGE,78,1387,TRUE,29.2,-3.2,DEG
2024.10.19_16.25.21,33.753723,-84.334066,"+033.753723d / -084.334066d",995,FEET,WGE,78,1387,TRUE,29.4,-2.9,DEG
2024.10.19_16.25.21,33.753723,-84.334066,"+033.753723d / -084.334066d",995,FEET,WGE,79,1404,TRUE,29.8,-3.5,DEG
2024.10.19_16.25.21,33.753723,-84.334066,"+033.753723d / -084.334066d",995,FEET,WGE,80,1422,TRUE,30.0,-3.2,DEG
2024.10.19_16.25.22,33.753723,-84.334066,"+033.753723d / -084.334066d",995,FEET,WGE,80,1422,TRUE,30.4,-3.2,DEG
2024.10.19_16.25.22,33.753714,-84.334061,"+033.753714d / -084.334061d",996,FEET,WGE,81,1440,TRUE,31.0,-2.8,DEG
2024.10.19_16.25.22,33.753714,-84.334061,"+033.753714d / -084.334061d",996,FEET,WGE,81,1440,TRUE,31.5,-3.3,DEG
2024.10.19_16.25.22,33.753714,-84.334061,"+033.753714d / -084.334061d",996,FEET,WGE,82,1458,TRUE,32.0,-3.2,DEG
2024.10.19_16.25.22,33.753714,-84.334061,"+033.753714d / -084.334061d",996,FEET,WGE,83,1476,TRUE,32.6,-3.4,DEG
2024.10.19_16.25.22,33.753714,-84.334061,"+033.753714d / -084.334061d",996,FEET,WGE,83,1476,TRUE,33.2,-4.0,DEG
2024.10.19_16.25.22,33.753714,-84.334061,"+033.753714d / -084.334061d",996,FEET,WGE,84,1493,TRUE,34.2,-4.2,DEG
2024.10.19_16.25.22,33.753714,-84.334061,"+033.753714d / -084.334061d",996,FEET,WGE,85,1511,TRUE,34.8,-4.6,DEG
2024.10.19_16.25.22,33.753714,-84.334061,"+033.753714d / -084.334061d",996,FEET,WGE,85,1511,TRUE,35.5,-5.0,DEG
2024.10.19_16.25.22,33.753714,-84.334061,"+033.753714d / -084.334061d",996,FEET,WGE,86,1529,TRUE,36.4,-5.7,DEG
2024.10.19_16.25.22,33.753714,-84.334061,"+033.753714d / -084.334061d",996,FEET,WGE,88,1564,TRUE,36.9,-6.1,DEG
2024.10.19_16.25.23,33.753714,-84.334061,"+033.753714d / -084.334061d",996,FEET,WGE,89,1582,TRUE,37.4,-6.5,DEG
2024.10.19_16.25.23,33.753711,-84.334063,"+033.753711d / -084.334063d",996,FEET,WGE,91,1618,TRUE,37.6,-6.4,DEG
2024.10.19_16.25.23,33.753711,-84.334063,"+033.753711d / -084.334063d",996,FEET,WGE,92,1636,TRUE,37.9,-6.2,DEG
2024.10.19_16.25.23,33.753711,-84.334063,"+033.753711d / -084.334063d",996,FEET,WGE,93,1653,TRUE,37.9,-6.0,DEG
2024.10.19_16.25.23,33.753711,-84.334063,"+033.753711d / -084.334063d",996,FEET,WGE,95,1689,TRUE,37.8,-5.7,DEG
2024.10.19_16.25.23,33.753711,-84.334063,"+033.753711d / -084.334063d",996,FEET,WGE,96,1707,TRUE,37.7,-5.2,DEG
2024.10.19_16.25.23,33.753711,-84.334063,"+033.753711d / -084.334063d",996,FEET,WGE,97,1724,TRUE,37.4,-4.6,DEG
2024.10.19_16.25.23,33.753711,-84.334063,"+033.753711d / -084.334063d",996,FEET,WGE,97,1724,TRUE,37.1,-4.6,DEG
2024.10.19_16.25.23,33.753711,-84.334063,"+033.753711d / -084.334063d",996,FEET,WGE,99,1760,TRUE,37.1,-4.6,DEG
2024.10.19_16.25.23,33.753711,-84.334063,"+033.753711d / -084.334063d",996,FEET,WGE,100,1778,TRUE,36.8,-4.1,DEG
2024.10.19_16.25.23,33.753711,-84.334063,"+033.753711d / -084.334063d",996,FEET,WGE,100,1778,TRUE,36.8,-3.9,DEG
2024.10.19_16.25.23,33.753711,-84.334063,"+033.753711d / -084.334063d",996,FEET,WGE,102,1813,TRUE,36.7,-3.5,DEG
2024.10.19_16.25.24,33.753711,-84.334063,"+033.753711d / -084.334063d",996,FEET,WGE,102,1813,TRUE,36.6,-3.5,DEG
2024.10.19_16.25.24,33.753709,-84.334068,"+033.753709d / -084.334068d",995,FEET,WGE,104,1849,TRUE,36.6,-4.0,DEG
2024.10.19_16.25.24,33.753709,-84.334068,"+033.753709d / -084.334068d",995,FEET,WGE,105,1867,TRUE,36.3,-4.1,DEG
2024.10.19_16.25.24,33.753709,-84.334068,"+033.753709d / -084.334068d",995,FEET,WGE,106,1884,TRUE,36.0,-4.6,DEG
2024.10.19_16.25.24,33.753709,-84.334068,"+033.753709d / -084.334068d",995,FEET,WGE,107,1902,TRUE,35.6,-4.4,DEG
2024.10.19_16.25.24,33.753709,-84.334068,"+033.753709d / -084.334068d",995,FEET,WGE,108,1920,TRUE,35.4,-4.4,DEG
2024.10.19_16.25.24,33.753709,-84.334068,"+033.753709d / -084.334068d",995,FEET,WGE,109,1938,TRUE,35.0,-4.2,DEG
2024.10.19_16.25.24,33.753709,-84.334068,"+033.753709d / -084.334068d",995,FEET,WGE,110,1956,TRUE,34.7,-4.0,DEG
2024.10.19_16.25.24,33.753709,-84.334068,"+033.753709d / -084.334068d",995,FEET,WGE,111,1973,TRUE,34.7,-3.8,DEG
2024.10.19_16.25.24,33.753709,-84.334068,"+033.753709d / -084.334068d",995,FEET,WGE,112,1991,TRUE,34.8,-3.9,DEG
2024.10.19_16.25.24,33.753709,-84.334068,"+033.753709d / -084.334068d",995,FEET,WGE,114,2027,TRUE,34.8,-3.7,DEG
2024.10.19_16.25.24,33.753709,-84.334068,"+033.753709d / -084.334068d",995,FEET,WGE,115,2044,TRUE,34.8,-3.6,DEG
2024.10.19_16.25.25,33.753709,-84.334068,"+033.753709d / -084.334068d",995,FEET,WGE,116,2062,TRUE,34.7,-3.4,DEG
2024.10.19_16.25.25,33.753709,-84.334059,"+033.753709d / -084.334059d",995,FEET,WGE,117,2080,TRUE,34.6,-3.5,DEG
2024.10.19_16.25.25,33.753709,-84.334059,"+033.753709d / -084.334059d",995,FEET,WGE,118,2098,TRUE,34.5,-3.7,DEG
2024.10.19_16.25.25,33.753709,-84.334059,"+033.753709d / -084.334059d",995,FEET,WGE,119,2116,TRUE,34.5,-3.6,DEG
2024.10.19_16.25.25,33.753709,-84.334059,"+033.753709d / -084.334059d",995,FEET,WGE,120,2133,TRUE,34.5,-4.1,DEG
2024.10.19_16.25.25,33.753709,-84.334059,"+033.753709d / -084.334059d",995,FEET,WGE,121,2151,TRUE,34.5,-4.1,DEG
2024.10.19_16.25.25,33.753709,-84.334059,"+033.753709d / -084.334059d",995,FEET,WGE,122,2169,TRUE,34.0,-3.6,DEG
2024.10.19_16.25.25,33.753709,-84.334059,"+033.753709d / -084.334059d",995,FEET,WGE,123,2187,TRUE,33.4,-4.0,DEG
2024.10.19_16.25.25,33.753709,-84.334059,"+033.753709d / -084.334059d",995,FEET,WGE,124,2204,TRUE,32.5,-4.4,DEG
2024.10.19_16.25.25,33.753709,-84.334059,"+033.753709d / -084.334059d",995,FEET,WGE,125,2222,TRUE,32.2,-5.1,DEG
2024.10.19_16.25.25,33.753709,-84.334059,"+033.753709d / -084.334059d",995,FEET,WGE,126,2240,TRUE,32.0,-5.3,DEG
2024.10.19_16.25.26,33.753709,-84.334059,"+033.753709d / -084.334059d",995,FEET,WGE,128,2276,TRUE,32.1,-5.4,DEG
2024.10.19_16.25.26,33.753711,-84.334042,"+033.753711d / -084.334042d",995,FEET,WGE,129,2293,TRUE,32.1,-6.0,DEG
2024.10.19_16.25.26,33.753711,-84.334042,"+033.753711d / -084.334042d",995,FEET,WGE,131,2329,TRUE,31.8,-5.8,DEG
2024.10.19_16.25.26,33.753711,-84.334042,"+033.753711d / -084.334042d",995,FEET,WGE,132,2347,TRUE,31.4,-6.0,DEG
2024.10.19_16.25.26,33.753711,-84.334042,"+033.753711d / -084.334042d",995,FEET,WGE,133,2364,TRUE,31.3,-6.4,DEG
2024.10.19_16.25.26,33.753711,-84.334042,"+033.753711d / -084.334042d",995,FEET,WGE,134,2382,TRUE,31.2,-6.8,DEG
2024.10.19_16.25.26,33.753711,-84.334042,"+033.753711d / -084.334042d",995,FEET,WGE,136,2418,TRUE,30.9,-6.7,DEG
2024.10.19_16.25.26,33.753711,-84.334042,"+033.753711d / -084.334042d",995,FEET,WGE,137,2436,TRUE,30.6,-7.0,DEG
2024.10.19_16.25.26,33.753711,-84.334042,"+033.753711d / -084.334042d",995,FEET,WGE,138,2453,TRUE,30.4,-7.1,DEG
2024.10.19_16.25.26,33.753711,-84.334042,"+033.753711d / -084.334042d",995,FEET,WGE,140,2489,TRUE,30.3,-7.2,DEG
2024.10.19_16.25.26,33.753711,-84.334042,"+033.753711d / -084.334042d",995,FEET,WGE,141,2507,TRUE,30.1,-6.8,DEG
2024.10.19_16.25.27,33.753711,-84.334042,"+033.753711d / -084.334042d",995,FEET,WGE,142,2524,TRUE,29.7,-7.1,DEG
2024.10.19_16.25.27,33.753720,-84.334057,"+033.753720d / -084.334057d",995,FEET,WGE,144,2560,TRUE,29.4,-6.9,DEG
2024.10.19_16.25.27,33.753720,-84.334057,"+033.753720d / -084.334057d",995,FEET,WGE,145,2578,TRUE,28.9,-6.5,DEG
2024.10.19_16.25.27,33.753720,-84.334057,"+033.753720d / -084.334057d",995,FEET,WGE,146,2596,TRUE,28.3,-6.4,DEG
2024.10.19_16.25.27,33.753720,-84.334057,"+033.753720d / -084.334057d",995,FEET,WGE,147,2613,TRUE,27.8,-6.2,DEG
2024.10.19_16.25.27,33.753720,-84.334057,"+033.753720d / -084.334057d",995,FEET,WGE,148,2631,TRUE,27.4,-6.4,DEG
2024.10.19_16.25.27,33.753720,-84.334057,"+033.753720d / -084.334057d",995,FEET,WGE,149,2649,TRUE,27.1,-6.6,DEG
2024.10.19_16.25.27,33.753720,-84.334057,"+033.753720d / -084.334057d",995,FEET,WGE,150,2667,TRUE,26.7,-6.5,DEG
2024.10.19_16.25.27,33.753720,-84.334057,"+033.753720d / -084.334057d",995,FEET,WGE,151,2684,TRUE,26.2,-6.5,DEG
2024.10.19_16.25.27,33.753720,-84.334057,"+033.753720d / -084.334057d",995,FEET,WGE,152,2702,TRUE,25.6,-5.9,DEG
2024.10.19_16.25.28,33.753707,-84.334140,"+033.753707d / -084.334140d",995,FEET,WGE,153,2720,TRUE,25.3,-5.5,DEG
2024.10.19_16.25.28,33.753707,-84.334140,"+033.753707d / -084.334140d",995,FEET,WGE,153,2720,TRUE,25.2,-5.4,DEG
2024.10.19_16.25.28,33.753707,-84.334140,"+033.753707d / -084.334140d",995,FEET,WGE,155,2756,TRUE,24.9,-4.8,DEG
2024.10.19_16.25.28,33.753707,-84.334140,"+033.753707d / -084.334140d",995,FEET,WGE,155,2756,TRUE,24.5,-4.5,DEG
2024.10.19_16.25.28,33.753707,-84.334140,"+033.753707d / -084.334140d",995,FEET,WGE,156,2773,TRUE,24.2,-4.2,DEG
2024.10.19_16.25.28,33.753707,-84.334140,"+033.753707d / -084.334140d",995,FEET,WGE,157,2791,TRUE,23.8,-3.6,DEG
2024.10.19_16.25.28,33.753707,-84.334140,"+033.753707d / -084.334140d",995,FEET,WGE,157,2791,TRUE,23.5,-3.0,DEG
2024.10.19_16.25.28,33.753707,-84.334140,"+033.753707d / -084.334140d",995,FEET,WGE,157,2791,TRUE,23.3,-2.3,DEG
2024.10.19_16.25.28,33.753707,-84.334140,"+033.753707d / -084.334140d",995,FEET,WGE,158,2809,TRUE,23.2,-2.2,DEG
2024.10.19_16.25.28,33.753707,-84.334140,"+033.753707d / -084.334140d",995,FEET,WGE,159,2827,TRUE,23.2,-1.8,DEG
2024.10.19_16.25.29,33.753698,-84.334097,"+033.753698d / -084.334097d",994,FEET,WGE,159,2827,TRUE,23.3,-1.4,DEG
2024.10.19_16.25.29,33.753698,-84.334097,"+033.753698d / -084.334097d",994,FEET,WGE,161,2862,TRUE,23.5,-0.9,DEG
2024.10.19_16.25.29,33.753698,-84.334097,"+033.753698d / -084.334097d",994,FEET,WGE,161,2862,TRUE,24.2,-0.8,DEG
2024.10.19_16.25.29,33.753698,-84.334097,"+033.753698d / -084.334097d",994,FEET,WGE,161,2862,TRUE,25.0,-0.5,DEG
2024.10.19_16.25.29,33.753698,-84.334097,"+033.753698d / -084.334097d",994,FEET,WGE,161,2862,TRUE,25.9,-0.6,DEG
2024.10.19_16.25.29,33.753698,-84.334097,"+033.753698d / -084.334097d",994,FEET,WGE,162,2880,TRUE,26.5,-1.2,DEG
2024.10.19_16.25.29,33.753698,-84.334097,"+033.753698d / -084.334097d",994,FEET,WGE,162,2880,TRUE,27.3,-2.0,DEG
2024.10.19_16.25.29,33.753698,-84.334097,"+033.753698d / -084.334097d",994,FEET,WGE,163,2898,TRUE,28.0,-2.0,DEG
2024.10.19_16.25.29,33.753698,-84.334097,"+033.753698d / -084.334097d",994,FEET,WGE,164,2916,TRUE,28.8,-2.4,DEG
2024.10.19_16.25.29,33.753698,-84.334097,"+033.753698d / -084.334097d",994,FEET,WGE,165,2933,TRUE,29.4,-2.1,DEG
2024.10.19_16.25.30,33.753698,-84.334097,"+033.753698d / -084.334097d",994,FEET,WGE,166,2951,TRUE,29.9,-1.9,DEG
2024.10.19_16.25.30,33.753729,-84.334091,"+033.753729d / -084.334091d",994,FEET,WGE,167,2969,TRUE,30.6,-2.1,DEG
2024.10.19_16.25.30,33.753729,-84.334091,"+033.753729d / -084.334091d",994,FEET,WGE,167,2969,TRUE,31.3,-1.7,DEG
2024.10.19_16.25.30,33.753729,-84.334091,"+033.753729d / -084.334091d",994,FEET,WGE,168,2987,TRUE,32.0,-1.9,DEG
2024.10.19_16.25.30,33.753729,-84.334091,"+033.753729d / -084.334091d",994,FEET,WGE,169,3004,TRUE,32.4,-2.0,DEG
2024.10.19_16.25.30,33.753729,-84.334091,"+033.753729d / -084.334091d",994,FEET,WGE,171,3040,TRUE,32.6,-2.7,DEG
2024.10.19_16.25.30,33.753729,-84.334091,"+033.753729d / -084.334091d",994,FEET,WGE,172,3058,TRUE,32.6,-3.3,DEG
2024.10.19_16.25.30,33.753729,-84.334091,"+033.753729d / -084.334091d",994,FEET,WGE,173,3076,TRUE,32.6,-3.4,DEG
2024.10.19_16.25.30,33.753729,-84.334091,"+033.753729d / -084.334091d",994,FEET,WGE,174,3093,TRUE,32.6,-3.5,DEG
2024.10.19_16.25.30,33.753729,-84.334091,"+033.753729d / -084.334091d",994,FEET,WGE,176,3129,TRUE,32.4,-3.7,DEG
2024.10.19_16.25.30,33.753729,-84.334091,"+033.753729d / -084.334091d",994,FEET,WGE,177,3147,TRUE,32.3,-3.4,DEG
2024.10.19_16.25.30,33.753729,-84.334091,"+033.753729d / -084.334091d",994,FEET,WGE,179,3182,TRUE,32.2,-3.1,DEG
2024.10.19_16.25.30,33.753729,-84.334091,"+033.753729d / -084.334091d",994,FEET,WGE,180,3200,TRUE,32.1,-3.0,DEG
2024.10.19_16.25.31,33.753729,-84.334091,"+033.753729d / -084.334091d",994,FEET,WGE,181,3218,TRUE,31.9,-2.9,DEG
2024.10.19_16.25.31,33.753728,-84.334101,"+033.753728d / -084.334101d",994,FEET,WGE,182,3236,TRUE,31.5,-2.4,DEG
2024.10.19_16.25.31,33.753728,-84.334101,"+033.753728d / -084.334101d",994,FEET,WGE,183,3253,TRUE,31.3,-1.9,DEG
2024.10.19_16.25.31,33.753728,-84.334101,"+033.753728d / -084.334101d",994,FEET,WGE,184,3271,TRUE,31.1,-1.6,DEG
2024.10.19_16.25.31,33.753728,-84.334101,"+033.753728d / -084.334101d",994,FEET,WGE,184,3271,TRUE,31.2,-1.4,DEG
2024.10.19_16.25.31,33.753728,-84.334101,"+033.753728d / -084.334101d",994,FEET,WGE,185,3289,TRUE,31.5,-1.3,DEG
2024.10.19_16.25.31,33.753728,-84.334101,"+033.753728d / -084.334101d",994,FEET,WGE,186,3307,TRUE,31.8,-0.9,DEG
2024.10.19_16.25.31,33.753728,-84.334101,"+033.753728d / -084.334101d",994,FEET,WGE,187,3324,TRUE,31.9,-0.5,DEG
2024.10.19_16.25.31,33.753728,-84.334101,"+033.753728d / -084.334101d",994,FEET,WGE,188,3342,TRUE,32.1,-0.5,DEG
2024.10.19_16.25.31,33.753728,-84.334101,"+033.753728d / -084.334101d",994,FEET,WGE,188,3342,TRUE,32.0,-0.0,DEG
2024.10.19_16.25.32,33.753728,-84.334101,"+033.753728d / -084.334101d",994,FEET,WGE,189,3360,TRUE,31.8,0.2,DEG
2024.10.19_16.25.32,33.753735,-84.334097,"+033.753735d / -084.334097d",994,FEET,WGE,190,3378,TRUE,32.0,0.4,DEG
2024.10.19_16.25.32,33.753735,-84.334097,"+033.753735d / -084.334097d",994,FEET,WGE,191,3396,TRUE,32.5,0.8,DEG
2024.10.19_16.25.32,33.753735,-84.334097,"+033.753735d / -084.334097d",994,FEET,WGE,191,3396,TRUE,33.4,0.9,DEG
2024.10.19_16.25.32,33.753735,-84.334097,"+033.753735d / -084.334097d",994,FEET,WGE,191,3396,TRUE,34.3,0.9,DEG
2024.10.19_16.25.32,33.753735,-84.334097,"+033.753735d / -084.334097d",994,FEET,WGE,192,3413,TRUE,35.4,0.7,DEG
2024.10.19_16.25.32,33.753735,-84.334097,"+033.753735d / -084.334097d",994,FEET,WGE,192,3413,TRUE,36.3,1.2,DEG
2024.10.19_16.25.32,33.753735,-84.334097,"+033.753735d / -084.334097d",994,FEET,WGE,192,3413,TRUE,37.3,1.1,DEG
2024.10.19_16.25.32,33.753735,-84.334097,"+033.753735d / -084.334097d",994,FEET,WGE,192,3413,TRUE,38.4,1.4,DEG
2024.10.19_16.25.32,33.753735,-84.334097,"+033.753735d / -084.334097d",994,FEET,WGE,193,3431,TRUE,39.4,1.2,DEG
2024.10.19_16.25.33,33.753735,-84.334097,"+033.753735d / -084.334097d",994,FEET,WGE,193,3431,TRUE,40.2,1.0,DEG
2024.10.19_16.25.33,33.753741,-84.334094,"+033.753741d / -084.334094d",994,FEET,WGE,194,3449,TRUE,41.0,0.4,DEG
2024.10.19_16.25.33,33.753741,-84.334094,"+033.753741d / -084.334094d",994,FEET,WGE,195,3467,TRUE,41.9,0.3,DEG
2024.10.19_16.25.33,33.753741,-84.334094,"+033.753741d / -084.334094d",994,FEET,WGE,195,3467,TRUE,42.8,-0.1,DEG
2024.10.19_16.25.33,33.753741,-84.334094,"+033.753741d / -084.334094d",994,FEET,WGE,195,3467,TRUE,43.9,-1.1,DEG
2024.10.19_16.25.33,33.753741,-84.334094,"+033.753741d / -084.334094d",994,FEET,WGE,196,3484,TRUE,45.2,-1.3,DEG
2024.10.19_16.25.33,33.753741,-84.334094,"+033.753741d / -084.334094d",994,FEET,WGE,196,3484,TRUE,46.0,-1.6,DEG
2024.10.19_16.25.33,33.753741,-84.334094,"+033.753741d / -084.334094d",994,FEET,WGE,197,3502,TRUE,46.3,-1.6,DEG
2024.10.19_16.25.33,33.753741,-84.334094,"+033.753741d / -084.334094d",994,FEET,WGE,198,3520,TRUE,46.9,-2.1,DEG
2024.10.19_16.25.34,33.753741,-84.334094,"+033.753741d / -084.334094d",994,FEET,WGE,199,3538,TRUE,47.3,-2.1,DEG
2024.10.19_16.25.34,33.753735,-84.334087,"+033.753735d / -084.334087d",994,FEET,WGE,201,3573,TRUE,47.8,-2.7,DEG
2024.10.19_16.25.34,33.753735,-84.334087,"+033.753735d / -084.334087d",994,FEET,WGE,202,3591,TRUE,47.8,-2.8,DEG
2024.10.19_16.25.34,33.753735,-84.334087,"+033.753735d / -084.334087d",994,FEET,WGE,203,3609,TRUE,47.9,-3.4,DEG
2024.10.19_16.25.34,33.753735,-84.334087,"+033.753735d / -084.334087d",994,FEET,WGE,204,3627,TRUE,48.1,-3.7,DEG
2024.10.19_16.25.34,33.753735,-84.334087,"+033.753735d / -084.334087d",994,FEET,WGE,205,3644,TRUE,48.1,-3.7,DEG
2024.10.19_16.25.34,33.753735,-84.334087,"+033.753735d / -084.334087d",994,FEET,WGE,206,3662,TRUE,48.1,-3.6,DEG
2024.10.19_16.25.34,33.753735,-84.334087,"+033.753735d / -084.334087d",994,FEET,WGE,206,3662,TRUE,48.3,-4.4,DEG
2024.10.19_16.25.34,33.753735,-84.334087,"+033.753735d / -084.334087d",994,FEET,WGE,207,3680,TRUE,49.0,-5.3,DEG
2024.10.19_16.25.34,33.753735,-84.334087,"+033.753735d / -084.334087d",994,FEET,WGE,207,3680,TRUE,49.6,-5.4,DEG
2024.10.19_16.25.35,33.753738,-84.334072,"+033.753738d / -084.334072d",995,FEET,WGE,208,3698,TRUE,50.3,-4.5,DEG
2024.10.19_16.25.35,33.753738,-84.334072,"+033.753738d / -084.334072d",995,FEET,WGE,209,3716,TRUE,50.6,-2.8,DEG
2024.10.19_16.25.35,33.753738,-84.334072,"+033.753738d / -084.334072d",995,FEET,WGE,210,3733,TRUE,50.6,-2.1,DEG
2024.10.19_16.25.35,33.753738,-84.334072,"+033.753738d / -084.334072d",995,FEET,WGE,211,3751,TRUE,50.9,-2.0,DEG
2024.10.19_16.25.35,33.753738,-84.334072,"+033.753738d / -084.334072d",995,FEET,WGE,212,3769,TRUE,51.2,-1.9,DEG
2024.10.19_16.25.35,33.753738,-84.334072,"+033.753738d / -084.334072d",995,FEET,WGE,214,3804,TRUE,51.7,-1.4,DEG
2024.10.19_16.25.35,33.753738,-84.334072,"+033.753738d / -084.334072d",995,FEET,WGE,214,3804,TRUE,52.1,-0.3,DEG
2024.10.19_16.25.35,33.753738,-84.334072,"+033.753738d / -084.334072d",995,FEET,WGE,215,3822,TRUE,53.0,-0.1,DEG
2024.10.19_16.25.35,33.753738,-84.334072,"+033.753738d / -084.334072d",995,FEET,WGE,217,3858,TRUE,53.7,0.1,DEG
2024.10.19_16.25.35,33.753738,-84.334072,"+033.753738d / -084.334072d",995,FEET,WGE,218,3876,TRUE,54.4,0.2,DEG
2024.10.19_16.25.35,33.753738,-84.334072,"+033.753738d / -084.334072d",995,FEET,WGE,219,3893,TRUE,55.0,0.6,DEG
2024.10.19_16.25.35,33.753738,-84.334072,"+033.753738d / -084.334072d",995,FEET,WGE,220,3911,TRUE,55.6,1.0,DEG
2024.10.19_16.25.35,33.753738,-84.334072,"+033.753738d / -084.334072d",995,FEET,WGE,221,3929,TRUE,56.3,1.9,DEG
2024.10.19_16.25.36,33.753738,-84.334072,"+033.753738d / -084.334072d",995,FEET,WGE,222,3947,TRUE,56.8,2.5,DEG
2024.10.19_16.25.36,33.753733,-84.334067,"+033.753733d / -084.334067d",994,FEET,WGE,224,3982,TRUE,57.2,2.7,DEG
2024.10.19_16.25.36,33.753733,-84.334067,"+033.753733d / -084.334067d",994,FEET,WGE,224,3982,TRUE,57.5,1.9,DEG
2024.10.19_16.25.36,33.753733,-84.334067,"+033.753733d / -084.334067d",994,FEET,WGE,225,4000,TRUE,58.0,0.8,DEG
2024.10.19_16.25.36,33.753733,-84.334067,"+033.753733d / -084.334067d",994,FEET,WGE,226,4018,TRUE,58.6,0.1,DEG
2024.10.19_16.25.36,33.753733,-84.334067,"+033.753733d / -084.334067d",994,FEET,WGE,228,4053,TRUE,58.9,0.3,DEG
2024.10.19_16.25.36,33.753733,-84.334067,"+033.753733d / -084.334067d",994,FEET,WGE,229,4071,TRUE,59.1,-1.2,DEG
2024.10.19_16.25.36,33.753733,-84.334067,"+033.753733d / -084.334067d",994,FEET,WGE,230,4089,TRUE,59.5,-1.8,DEG
2024.10.19_16.25.36,33.753733,-84.334067,"+033.753733d / -084.334067d",994,FEET,WGE,231,4107,TRUE,59.7,-2.4,DEG
2024.10.19_16.25.36,33.753733,-84.334067,"+033.753733d / -084.334067d",994,FEET,WGE,232,4124,TRUE,60.0,-3.5,DEG
2024.10.19_16.25.36,33.753733,-84.334067,"+033.753733d / -084.334067d",994,FEET,WGE,234,4160,TRUE,60.2,-3.8,DEG
2024.10.19_16.25.37,33.753737,-84.334067,"+033.753737d / -084.334067d",993,FEET,WGE,235,4178,TRUE,60.6,-4.6,DEG
2024.10.19_16.25.37,33.753737,-84.334067,"+033.753737d / -084.334067d",993,FEET,WGE,236,4196,TRUE,60.7,-5.1,DEG
2024.10.19_16.25.37,33.753737,-84.334067,"+033.753737d / -084.334067d",993,FEET,WGE,237,4213,TRUE,60.9,-5.2,DEG
2024.10.19_16.25.37,33.753737,-84.334067,"+033.753737d / -084.334067d",993,FEET,WGE,238,4231,TRUE,60.9,-6.0,DEG
2024.10.19_16.25.37,33.753737,-84.334067,"+033.753737d / -084.334067d",993,FEET,WGE,239,4249,TRUE,61.1,-6.6,DEG
2024.10.19_16.25.37,33.753737,-84.334067,"+033.753737d / -084.334067d",993,FEET,WGE,239,4249,TRUE,61.4,-8.0,DEG
2024.10.19_16.25.37,33.753737,-84.334067,"+033.753737d / -084.334067d",993,FEET,WGE,240,4267,TRUE,61.6,-8.9,DEG
2024.10.19_16.25.37,33.753737,-84.334067,"+033.753737d / -084.334067d",993,FEET,WGE,242,4302,TRUE,61.6,-9.2,DEG
2024.10.19_16.25.37,33.753737,-84.334067,"+033.753737d / -084.334067d",993,FEET,WGE,243,4320,TRUE,61.7,-10.1,DEG
2024.10.19_16.25.37,33.753737,-84.334067,"+033.753737d / -084.334067d",993,FEET,WGE,244,4338,TRUE,61.1,-9.6,DEG
2024.10.19_16.25.38,33.753737,-84.334067,"+033.753737d / -084.334067d",993,FEET,WGE,245,4356,TRUE,60.9,-9.4,DEG
2024.10.19_16.25.38,33.753740,-84.334057,"+033.753740d / -084.334057d",993,FEET,WGE,245,4356,TRUE,60.9,-10.8,DEG
2024.10.19_16.25.38,33.753740,-84.334057,"+033.753740d / -084.334057d",993,FEET,WGE,247,4391,TRUE,61.3,-11.6,DEG
2024.10.19_16.25.38,33.753740,-84.334057,"+033.753740d / -084.334057d",993,FEET,WGE,248,4409,TRUE,61.6,-11.6,DEG
2024.10.19_16.25.38,33.753740,-84.334057,"+033.753740d / -084.334057d",993,FEET,WGE,249,4427,TRUE,61.4,-11.5,DEG
2024.10.19_16.25.38,33.753740,-84.334057,"+033.753740d / -084.334057d",993,FEET,WGE,250,4444,TRUE,61.6,-12.0,DEG
2024.10.19_16.25.38,33.753740,-84.334057,"+033.753740d / -084.334057d",993,FEET,WGE,252,4480,TRUE,61.3,-13.1,DEG
2024.10.19_16.25.38,33.753740,-84.334057,"+033.753740d / -084.334057d",993,FEET,WGE,252,4480,TRUE,61.3,-13.7,DEG
2024.10.19_16.25.38,33.753740,-84.334057,"+033.753740d / -084.334057d",993,FEET,WGE,254,4516,TRUE,60.9,-13.2,DEG
2024.10.19_16.25.38,33.753740,-84.334057,"+033.753740d / -084.334057d",993,FEET,WGE,254,4516,TRUE,60.6,-13.5,DEG
2024.10.19_16.25.38,33.753740,-84.334057,"+033.753740d / -084.334057d",993,FEET,WGE,255,4533,TRUE,60.5,-14.3,DEG
2024.10.19_16.25.39,33.753740,-84.334057,"+033.753740d / -084.334057d",993,FEET,WGE,257,4569,TRUE,59.9,-13.7,DEG
2024.10.19_16.25.39,33.753739,-84.334055,"+033.753739d / -084.334055d",993,FEET,WGE,258,4587,TRUE,59.4,-13.8,DEG
2024.10.19_16.25.39,33.753739,-84.334055,"+033.753739d / -084.334055d",993,FEET,WGE,258,4587,TRUE,59.2,-14.0,DEG
2024.10.19_16.25.39,33.753739,-84.334055,"+033.753739d / -084.334055d",993,FEET,WGE,259,4604,TRUE,59.1,-13.6,DEG
2024.10.19_16.25.39,33.753739,-84.334055,"+033.753739d / -084.334055d",993,FEET,WGE,260,4622,TRUE,59.1,-14.2,DEG
2024.10.19_16.25.39,33.753739,-84.334055,"+033.753739d / -084.334055d",993,FEET,WGE,262,4658,TRUE,58.8,-14.3,DEG
2024.10.19_16.25.39,33.753739,-84.334055,"+033.753739d / -084.334055d",993,FEET,WGE,263,4676,TRUE,58.6,-13.6,DEG
2024.10.19_16.25.39,33.753739,-84.334055,"+033.753739d / -084.334055d",993,FEET,WGE,264,4693,TRUE,58.4,-13.3,DEG
2024.10.19_16.25.39,33.753739,-84.334055,"+033.753739d / -084.334055d",993,FEET,WGE,265,4711,TRUE,58.3,-13.2,DEG
2024.10.19_16.25.39,33.753739,-84.334055,"+033.753739d / -084.334055d",993,FEET,WGE,266,4729,TRUE,58.2,-13.7,DEG
2024.10.19_16.25.39,33.753739,-84.334055,"+033.753739d / -084.334055d",993,FEET,WGE,267,4747,TRUE,58.0,-14.3,DEG
2024.10.19_16.25.39,33.753739,-84.334055,"+033.753739d / -084.334055d",993,FEET,WGE,269,4782,TRUE,57.9,-14.5,DEG
2024.10.19_16.25.39,33.753739,-84.334055,"+033.753739d / -084.334055d",993,FEET,WGE,269,4782,TRUE,57.6,-13.9,DEG
2024.10.19_16.25.39,33.753739,-84.334055,"+033.753739d / -084.334055d",993,FEET,WGE,271,4818,TRUE,57.1,-13.7,DEG
2024.10.19_16.25.40,33.753739,-84.334055,"+033.753739d / -084.334055d",993,FEET,WGE,272,4836,TRUE,56.8,-14.3,DEG
2024.10.19_16.25.40,33.753737,-84.334055,"+033.753737d / -084.334055d",994,FEET,WGE,273,4853,TRUE,56.6,-14.8,DEG
2024.10.19_16.25.40,33.753737,-84.334055,"+033.753737d / -084.334055d",994,FEET,WGE,275,4889,TRUE,56.2,-15.7,DEG
2024.10.19_16.25.40,33.753737,-84.334055,"+033.753737d / -084.334055d",994,FEET,WGE,276,4907,TRUE,55.6,-15.2,DEG
2024.10.19_16.25.40,33.753737,-84.334055,"+033.753737d / -084.334055d",994,FEET,WGE,277,4924,TRUE,55.4,-15.4,DEG
2024.10.19_16.25.40,33.753737,-84.334055,"+033.753737d / -084.334055d",994,FEET,WGE,279,4960,TRUE,55.3,-16.8,DEG
2024.10.19_16.25.40,33.753737,-84.334055,"+033.753737d / -084.334055d",994,FEET,WGE,280,4978,TRUE,55.2,-16.4,DEG
2024.10.19_16.25.40,33.753737,-84.334055,"+033.753737d / -084.334055d",994,FEET,WGE,280,4978,TRUE,55.1,-16.0,DEG
2024.10.19_16.25.40,33.753737,-84.334055,"+033.753737d / -084.334055d",994,FEET,WGE,282,5013,TRUE,55.2,-17.2,DEG
2024.10.19_16.25.40,33.753737,-84.334055,"+033.753737d / -084.334055d",994,FEET,WGE,283,5031,TRUE,55.0,-18.6,DEG
2024.10.19_16.25.40,33.753737,-84.334055,"+033.753737d / -084.334055d",994,FEET,WGE,285,5067,TRUE,54.4,-17.9,DEG
2024.10.19_16.25.40,33.753737,-84.334055,"+033.753737d / -084.334055d",994,FEET,WGE,285,5067,TRUE,54.0,-16.1,DEG
2024.10.19_16.25.40,33.753737,-84.334055,"+033.753737d / -084.334055d",994,FEET,WGE,287,5102,TRUE,53.7,-15.9,DEG
2024.10.19_16.25.40,33.753737,-84.334055,"+033.753737d / -084.334055d",994,FEET,WGE,287,5102,TRUE,53.4,-16.6,DEG
2024.10.19_16.25.40,33.753737,-84.334055,"+033.753737d / -084.334055d",994,FEET,WGE,289,5138,TRUE,52.6,-17.1,DEG
2024.10.19_16.25.40,33.753737,-84.334055,"+033.753737d / -084.334055d",994,FEET,WGE,290,5156,TRUE,52.0,-17.1,DEG
2024.10.19_16.25.41,33.753737,-84.334055,"+033.753737d / -084.334055d",994,FEET,WGE,290,5156,TRUE,51.0,-16.8,DEG
2024.10.19_16.25.41,33.753738,-84.334057,"+033.753738d / -084.334057d",993,FEET,WGE,292,5191,TRUE,50.2,-17.3,DEG
2024.10.19_16.25.41,33.753738,-84.334057,"+033.753738d / -084.334057d",993,FEET,WGE,293,5209,TRUE,49.6,-16.3,DEG
2024.10.19_16.25.41,33.753738,-84.334057,"+033.753738d / -084.334057d",993,FEET,WGE,293,5209,TRUE,49.1,-16.1,DEG
2024.10.19_16.25.41,33.753738,-84.334057,"+033.753738d / -084.334057d",993,FEET,WGE,295,5244,TRUE,48.4,-15.6,DEG
2024.10.19_16.25.41,33.753738,-84.334057,"+033.753738d / -084.334057d",993,FEET,WGE,295,5244,TRUE,47.9,-14.3,DEG
2024.10.19_16.25.41,33.753738,-84.334057,"+033.753738d / -084.334057d",993,FEET,WGE,296,5262,TRUE,47.2,-13.4,DEG
2024.10.19_16.25.41,33.753738,-84.334057,"+033.753738d / -084.334057d",993,FEET,WGE,297,5280,TRUE,46.6,-12.9,DEG
2024.10.19_16.25.41,33.753738,-84.334057,"+033.753738d / -084.334057d",993,FEET,WGE,298,5298,TRUE,45.8,-11.7,DEG
2024.10.19_16.25.41,33.753738,-84.334057,"+033.753738d / -084.334057d",993,FEET,WGE,301,5351,TRUE,45.1,-11.5,DEG
2024.10.19_16.25.41,33.753738,-84.334057,"+033.753738d / -084.334057d",993,FEET,WGE,304,5404,TRUE,44.5,-11.5,DEG
2024.10.19_16.25.41,33.753738,-84.334057,"+033.753738d / -084.334057d",993,FEET,WGE,307,5458,TRUE,44.0,-10.7,DEG
2024.10.19_16.25.42,33.753738,-84.334057,"+033.753738d / -084.334057d",993,FEET,WGE,311,5529,TRUE,43.7,-10.3,DEG
2024.10.19_16.25.42,33.753739,-84.334062,"+033.753739d / -084.334062d",993,FEET,WGE,313,5564,TRUE,43.8,-10.4,DEG
2024.10.19_16.25.42,33.753739,-84.334062,"+033.753739d / -084.334062d",993,FEET,WGE,316,5618,TRUE,43.7,-10.1,DEG
2024.10.19_16.25.42,33.753739,-84.334062,"+033.753739d / -084.334062d",993,FEET,WGE,318,5653,TRUE,43.7,-10.0,DEG
2024.10.19_16.25.42,33.753739,-84.334062,"+033.753739d / -084.334062d",993,FEET,WGE,320,5689,TRUE,43.6,-9.3,DEG
2024.10.19_16.25.42,33.753739,-84.334062,"+033.753739d / -084.334062d",993,FEET,WGE,323,5742,TRUE,43.6,-9.2,DEG
2024.10.19_16.25.42,33.753739,-84.334062,"+033.753739d / -084.334062d",993,FEET,WGE,325,5778,TRUE,43.6,-8.9,DEG
2024.10.19_16.25.42,33.753739,-84.334062,"+033.753739d / -084.334062d",993,FEET,WGE,327,5813,TRUE,43.5,-8.9,DEG
2024.10.19_16.25.42,33.753739,-84.334062,"+033.753739d / -084.334062d",993,FEET,WGE,329,5849,TRUE,43.2,-8.7,DEG
2024.10.19_16.25.42,33.753739,-84.334062,"+033.753739d / -084.334062d",993,FEET,WGE,331,5884,TRUE,42.8,-8.3,DEG
2024.10.19_16.25.42,33.753739,-84.334062,"+033.753739d / -084.334062d",993,FEET,WGE,332,5902,TRUE,42.9,-8.1,DEG
2024.10.19_16.25.43,33.753739,-84.334062,"+033.753739d / -084.334062d",993,FEET,WGE,334,5938,TRUE,43.5,-8.3,DEG
2024.10.19_16.25.43,33.753736,-84.334063,"+033.753736d / -084.334063d",993,FEET,WGE,335,5956,TRUE,44.2,-9.2,DEG
2024.10.19_16.25.43,33.753736,-84.334063,"+033.753736d / -084.334063d",993,FEET,WGE,336,5973,TRUE,45.1,-10.1,DEG
2024.10.19_16.25.43,33.753736,-84.334063,"+033.753736d / -084.334063d",993,FEET,WGE,337,5991,TRUE,45.9,-10.0,DEG
2024.10.19_16.25.43,33.753736,-84.334063,"+033.753736d / -084.334063d",993,FEET,WGE,337,5991,TRUE,46.7,-9.9,DEG
2024.10.19_16.25.43,33.753736,-84.334063,"+033.753736d / -084.334063d",993,FEET,WGE,336,5973,TRUE,47.7,-10.6,DEG
2024.10.19_16.25.43,33.753736,-84.334063,"+033.753736d / -084.334063d",993,FEET,WGE,334,5938,TRUE,48.9,-10.1,DEG
2024.10.19_16.25.43,33.753736,-84.334063,"+033.753736d / -084.334063d",993,FEET,WGE,334,5938,TRUE,50.1,-9.8,DEG
2024.10.19_16.25.43,33.753736,-84.334063,"+033.753736d / -084.334063d",993,FEET,WGE,333,5920,TRUE,51.4,-9.4,DEG
2024.10.19_16.25.43,33.753736,-84.334063,"+033.753736d / -084.334063d",993,FEET,WGE,332,5902,TRUE,52.6,-9.8,DEG
2024.10.19_16.25.43,33.753736,-84.334063,"+033.753736d / -084.334063d",993,FEET,WGE,332,5902,TRUE,53.5,-10.9,DEG
2024.10.19_16.25.43,33.753736,-84.334063,"+033.753736d / -084.334063d",993,FEET,WGE,332,5902,TRUE,54.3,-11.5,DEG
2024.10.19_16.25.43,33.753736,-84.334063,"+033.753736d / -084.334063d",993,FEET,WGE,333,5920,TRUE,54.9,-11.8,DEG
2024.10.19_16.25.44,33.753736,-84.334063,"+033.753736d / -084.334063d",993,FEET,WGE,333,5920,TRUE,55.4,-12.5,DEG
2024.10.19_16.25.44,33.753733,-84.334060,"+033.753733d / -084.334060d",994,FEET,WGE,333,5920,TRUE,56.0,-13.0,DEG
2024.10.19_16.25.44,33.753733,-84.334060,"+033.753733d / -084.334060d",994,FEET,WGE,334,5938,TRUE,56.5,-13.5,DEG
2024.10.19_16.25.44,33.753733,-84.334060,"+033.753733d / -084.334060d",994,FEET,WGE,335,5956,TRUE,56.7,-12.9,DEG
2024.10.19_16.25.44,33.753733,-84.334060,"+033.753733d / -084.334060d",994,FEET,WGE,335,5956,TRUE,56.9,-11.8,DEG
2024.10.19_16.25.44,33.753733,-84.334060,"+033.753733d / -084.334060d",994,FEET,WGE,336,5973,TRUE,57.1,-12.2,DEG
2024.10.19_16.25.44,33.753733,-84.334060,"+033.753733d / -084.334060d",994,FEET,WGE,337,5991,TRUE,57.4,-11.6,DEG
2024.10.19_16.25.44,33.753733,-84.334060,"+033.753733d / -084.334060d",994,FEET,WGE,337,5991,TRUE,57.7,-11.8,DEG
2024.10.19_16.25.44,33.753733,-84.334060,"+033.753733d / -084.334060d",994,FEET,WGE,338,6009,TRUE,58.1,-12.2,DEG
2024.10.19_16.25.44,33.753733,-84.334060,"+033.753733d / -084.334060d",994,FEET,WGE,339,6027,TRUE,58.3,-12.4,DEG
2024.10.19_16.25.44,33.753733,-84.334060,"+033.753733d / -084.334060d",994,FEET,WGE,340,6044,TRUE,58.3,-12.1,DEG
2024.10.19_16.25.44,33.753733,-84.334060,"+033.753733d / -084.334060d",994,FEET,WGE,341,6062,TRUE,58.4,-12.1,DEG
2024.10.19_16.25.44,33.753733,-84.334060,"+033.753733d / -084.334060d",994,FEET,WGE,342,6080,TRUE,58.4,-12.1,DEG
2024.10.19_16.25.44,33.753733,-84.334060,"+033.753733d / -084.334060d",994,FEET,WGE,343,6098,TRUE,58.6,-11.8,DEG
2024.10.19_16.25.45,33.753731,-84.334057,"+033.753731d / -084.334057d",994,FEET,WGE,345,6133,TRUE,58.8,-12.5,DEG
2024.10.19_16.25.45,33.753731,-84.334057,"+033.753731d / -084.334057d",994,FEET,WGE,346,6151,TRUE,58.8,-12.9,DEG
2024.10.19_16.25.45,33.753731,-84.334057,"+033.753731d / -084.334057d",994,FEET,WGE,347,6169,TRUE,58.9,-13.0,DEG
2024.10.19_16.25.45,33.753731,-84.334057,"+033.753731d / -084.334057d",994,FEET,WGE,347,6169,TRUE,59.1,-13.3,DEG
2024.10.19_16.25.45,33.753731,-84.334057,"+033.753731d / -084.334057d",994,FEET,WGE,349,6204,TRUE,59.2,-13.8,DEG
2024.10.19_16.25.45,33.753731,-84.334057,"+033.753731d / -084.334057d",994,FEET,WGE,350,6222,TRUE,59.3,-14.1,DEG
2024.10.19_16.25.45,33.753731,-84.334057,"+033.753731d / -084.334057d",994,FEET,WGE,351,6240,TRUE,59.2,-14.1,DEG
2024.10.19_16.25.45,33.753731,-84.334057,"+033.753731d / -084.334057d",994,FEET,WGE,352,6258,TRUE,58.8,-13.8,DEG
2024.10.19_16.25.45,33.753731,-84.334057,"+033.753731d / -084.334057d",994,FEET,WGE,353,6276,TRUE,58.3,-12.7,DEG
2024.10.19_16.25.45,33.753731,-84.334057,"+033.753731d / -084.334057d",994,FEET,WGE,355,6311,TRUE,58.1,-12.3,DEG
2024.10.19_16.25.45,33.753731,-84.334057,"+033.753731d / -084.334057d",994,FEET,WGE,356,6329,TRUE,58.2,-12.0,DEG
2024.10.19_16.25.45,33.753731,-84.334057,"+033.753731d / -084.334057d",994,FEET,WGE,357,6347,TRUE,58.3,-12.1,DEG
2024.10.19_16.25.45,33.753731,-84.334057,"+033.753731d / -084.334057d",994,FEET,WGE,359,6382,TRUE,58.3,-12.6,DEG
2024.10.19_16.25.46,33.753731,-84.334057,"+033.753731d / -084.334057d",994,FEET,WGE,0,0,TRUE,58.6,-13.2,DEG
2024.10.19_16.25.46,33.753726,-84.334058,"+033.753726d / -084.334058d",994,FEET,WGE,2,36,TRUE,58.6,-13.5,DEG
2024.10.19_16.25.46,33.753726,-84.334058,"+033.753726d / -084.334058d",994,FEET,WGE,3,53,TRUE,58.6,-13.3,DEG
2024.10.19_16.25.46,33.753726,-84.334058,"+033.753726d / -084.334058d",994,FEET,WGE,4,71,TRUE,58.6,-14.8,DEG
2024.10.19_16.25.46,33.753726,-84.334058,"+033.753726d / -084.334058d",994,FEET,WGE,5,89,TRUE,58.6,-15.6,DEG
2024.10.19_16.25.46,33.753726,-84.334058,"+033.753726d / -084.334058d",994,FEET,WGE,7,124,TRUE,58.5,-15.3,DEG
2024.10.19_16.25.46,33.753726,-84.334058,"+033.753726d / -084.334058d",994,FEET,WGE,8,142,TRUE,58.5,-15.0,DEG
2024.10.19_16.25.46,33.753726,-84.334058,"+033.753726d / -084.334058d",994,FEET,WGE,9,160,TRUE,58.5,-15.1,DEG
2024.10.19_16.25.46,33.753726,-84.334058,"+033.753726d / -084.334058d",994,FEET,WGE,10,178,TRUE,58.6,-15.4,DEG
2024.10.19_16.25.46,33.753726,-84.334058,"+033.753726d / -084.334058d",994,FEET,WGE,12,213,TRUE,58.3,-14.9,DEG
2024.10.19_16.25.46,33.753726,-84.334058,"+033.753726d / -084.334058d",994,FEET,WGE,13,231,TRUE,58.1,-15.5,DEG
2024.10.19_16.25.46,33.753726,-84.334058,"+033.753726d / -084.334058d",994,FEET,WGE,14,249,TRUE,57.8,-15.5,DEG
2024.10.19_16.25.46,33.753726,-84.334058,"+033.753726d / -084.334058d",994,FEET,WGE,15,267,TRUE,57.5,-15.3,DEG
2024.10.19_16.25.46,33.753726,-84.334058,"+033.753726d / -084.334058d",994,FEET,WGE,16,284,TRUE,57.3,-15.1,DEG
2024.10.19_16.25.46,33.753726,-84.334058,"+033.753726d / -084.334058d",994,FEET,WGE,17,302,TRUE,57.1,-14.4,DEG
2024.10.19_16.25.47,33.753726,-84.334058,"+033.753726d / -084.334058d",994,FEET,WGE,19,338,TRUE,56.7,-13.8,DEG
2024.10.19_16.25.47,33.753721,-84.334059,"+033.753721d / -084.334059d",995,FEET,WGE,20,356,TRUE,56.3,-14.0,DEG
2024.10.19_16.25.47,33.753721,-84.334059,"+033.753721d / -084.334059d",995,FEET,WGE,21,373,TRUE,56.0,-14.8,DEG
2024.10.19_16.25.47,33.753721,-84.334059,"+033.753721d / -084.334059d",995,FEET,WGE,22,391,TRUE,55.3,-14.0,DEG
2024.10.19_16.25.47,33.753721,-84.334059,"+033.753721d / -084.334059d",995,FEET,WGE,23,409,TRUE,54.0,-13.2,DEG
2024.10.19_16.25.47,33.753721,-84.334059,"+033.753721d / -084.334059d",995,FEET,WGE,24,427,TRUE,53.3,-14.3,DEG
2024.10.19_16.25.47,33.753721,-84.334059,"+033.753721d / -084.334059d",995,FEET,WGE,24,427,TRUE,52.8,-14.8,DEG
2024.10.19_16.25.47,33.753721,-84.334059,"+033.753721d / -084.334059d",995,FEET,WGE,26,462,TRUE,52.1,-15.2,DEG
2024.10.19_16.25.47,33.753721,-84.334059,"+033.753721d / -084.334059d",995,FEET,WGE,27,480,TRUE,51.5,-15.2,DEG
2024.10.19_16.25.47,33.753721,-84.334059,"+033.753721d / -084.334059d",995,FEET,WGE,28,498,TRUE,50.9,-15.2,DEG
2024.10.19_16.25.48,33.753720,-84.334063,"+033.753720d / -084.334063d",995,FEET,WGE,29,516,TRUE,50.5,-15.0,DEG
2024.10.19_16.25.48,33.753720,-84.334063,"+033.753720d / -084.334063d",995,FEET,WGE,30,533,TRUE,50.2,-14.7,DEG
2024.10.19_16.25.48,33.753720,-84.334063,"+033.753720d / -084.334063d",995,FEET,WGE,31,551,TRUE,49.8,-15.1,DEG
2024.10.19_16.25.48,33.753720,-84.334063,"+033.753720d / -084.334063d",995,FEET,WGE,33,587,TRUE,49.5,-15.0,DEG
2024.10.19_16.25.48,33.753720,-84.334063,"+033.753720d / -084.334063d",995,FEET,WGE,34,604,TRUE,49.2,-14.5,DEG
2024.10.19_16.25.48,33.753720,-84.334063,"+033.753720d / -084.334063d",995,FEET,WGE,35,622,TRUE,48.5,-13.8,DEG
2024.10.19_16.25.48,33.753720,-84.334063,"+033.753720d / -084.334063d",995,FEET,WGE,36,640,TRUE,47.8,-12.8,DEG
2024.10.19_16.25.48,33.753720,-84.334063,"+033.753720d / -084.334063d",995,FEET,WGE,37,658,TRUE,47.1,-13.0,DEG
2024.10.19_16.25.48,33.753720,-84.334063,"+033.753720d / -084.334063d",995,FEET,WGE,38,676,TRUE,46.4,-13.1,DEG
2024.10.19_16.25.48,33.753720,-84.334063,"+033.753720d / -084.334063d",995,FEET,WGE,39,693,TRUE,45.8,-12.4,DEG
2024.10.19_16.25.48,33.753720,-84.334063,"+033.753720d / -084.334063d",995,FEET,WGE,42,747,TRUE,45.1,-12.6,DEG
2024.10.19_16.25.49,33.753722,-84.334061,"+033.753722d / -084.334061d",995,FEET,WGE,45,800,TRUE,44.3,-11.7,DEG
2024.10.19_16.25.49,33.753722,-84.334061,"+033.753722d / -084.334061d",995,FEET,WGE,48,853,TRUE,43.5,-11.3,DEG
2024.10.19_16.25.49,33.753722,-84.334061,"+033.753722d / -084.334061d",995,FEET,WGE,51,907,TRUE,42.5,-11.0,DEG
2024.10.19_16.25.49,33.753722,-84.334061,"+033.753722d / -084.334061d",995,FEET,WGE,54,960,TRUE,41.8,-10.8,DEG
2024.10.19_16.25.49,33.753722,-84.334061,"+033.753722d / -084.334061d",995,FEET,WGE,55,978,TRUE,41.2,-11.0,DEG
2024.10.19_16.25.49,33.753722,-84.334061,"+033.753722d / -084.334061d",995,FEET,WGE,58,1031,TRUE,40.0,-10.1,DEG
2024.10.19_16.25.49,33.753722,-84.334061,"+033.753722d / -084.334061d",995,FEET,WGE,58,1031,TRUE,38.8,-8.9,DEG
2024.10.19_16.25.49,33.753722,-84.334061,"+033.753722d / -084.334061d",995,FEET,WGE,60,1067,TRUE,37.9,-8.7,DEG
2024.10.19_16.25.49,33.753722,-84.334061,"+033.753722d / -084.334061d",995,FEET,WGE,61,1084,TRUE,37.1,-8.3,DEG
2024.10.19_16.25.49,33.753722,-84.334061,"+033.753722d / -084.334061d",995,FEET,WGE,63,1120,TRUE,36.9,-9.2,DEG
2024.10.19_16.25.49,33.753722,-84.334061,"+033.753722d / -084.334061d",995,FEET,WGE,64,1138,TRUE,35.8,-9.2,DEG
2024.10.19_16.25.50,33.753722,-84.334061,"+033.753722d / -084.334061d",995,FEET,WGE,65,1156,TRUE,34.7,-8.5,DEG
2024.10.19_16.25.50,33.753722,-84.334063,"+033.753722d / -084.334063d",995,FEET,WGE,66,1173,TRUE,34.0,-7.8,DEG
2024.10.19_16.25.50,33.753722,-84.334063,"+033.753722d / -084.334063d",995,FEET,WGE,66,1173,TRUE,33.2,-6.8,DEG
2024.10.19_16.25.50,33.753722,-84.334063,"+033.753722d / -084.334063d",995,FEET,WGE,66,1173,TRUE,32.0,-6.2,DEG
2024.10.19_16.25.50,33.753722,-84.334063,"+033.753722d / -084.334063d",995,FEET,WGE,66,1173,TRUE,31.3,-6.1,DEG
2024.10.19_16.25.50,33.753722,-84.334063,"+033.753722d / -084.334063d",995,FEET,WGE,66,1173,TRUE,31.8,-5.8,DEG
2024.10.19_16.25.51,33.753723,-84.334062,"+033.753723d / -084.334062d",995,FEET,WGE,66,1173,TRUE,32.2,-5.8,DEG
2024.10.19_16.25.51,33.753723,-84.334062,"+033.753723d / -084.334062d",995,FEET,WGE,65,1156,TRUE,32.4,-5.6,DEG
2024.10.19_16.25.51,33.753723,-84.334062,"+033.753723d / -084.334062d",995,FEET,WGE,64,1138,TRUE,32.9,-5.4,DEG
2024.10.19_16.25.51,33.753723,-84.334062,"+033.753723d / -084.334062d",995,FEET,WGE,63,1120,TRUE,32.4,-5.1,DEG
2024.10.19_16.25.51,33.753723,-84.334062,"+033.753723d / -084.334062d",995,FEET,WGE,63,1120,TRUE,32.8,-5.3,DEG
2024.10.19_16.25.52,33.753723,-84.334062,"+033.753723d / -084.334062d",995,FEET,WGE,63,1120,TRUE,33.3,-5.2,DEG
2024.10.19_16.25.52,33.753727,-84.334066,"+033.753727d / -084.334066d",995,FEET,WGE,62,1102,TRUE,33.6,-5.1,DEG
2024.10.19_16.36.44,33.753736,-84.334080,"+033.753736d / -084.334080d",994,FEET,WGE,4,71,TRUE,56.7,5.0,DEG
2024.10.19_16.36.45,33.753736,-84.334080,"+033.753736d / -084.334080d",994,FEET,WGE,8,142,TRUE,56.8,4.5,DEG
2024.10.19_16.36.46,33.753728,-84.334064,"+033.753728d / -084.334064d",994,FEET,WGE,14,249,TRUE,57.2,2.5,DEG
2024.10.19_16.36.47,33.753721,-84.334062,"+033.753721d / -084.334062d",994,FEET,WGE,19,338,TRUE,56.4,0.9,DEG
2024.10.19_16.36.48,33.753719,-84.334064,"+033.753719d / -084.334064d",994,FEET,WGE,24,427,TRUE,56.4,-1.5,DEG
2024.10.19_16.36.49,33.753717,-84.334067,"+033.753717d / -084.334067d",994,FEET,WGE,28,498,TRUE,54.8,-2.6,DEG
2024.10.19_16.36.50,33.753712,-84.334072,"+033.753712d / -084.334072d",994,FEET,WGE,32,569,TRUE,53.6,-3.0,DEG
2024.10.19_16.36.51,33.753723,-84.334076,"+033.753723d / -084.334076d",994,FEET,WGE,37,658,TRUE,51.9,-4.2,DEG
2024.10.19_16.36.52,33.753725,-84.334081,"+033.753725d / -084.334081d",994,FEET,WGE,42,747,TRUE,49.3,-7.9,DEG
2024.10.19_16.36.53,33.753724,-84.334090,"+033.753724d / -084.334090d",994,FEET,WGE,47,836,TRUE,45.5,-6.5,DEG
2024.10.19_16.36.54,33.753725,-84.334085,"+033.753725d / -084.334085d",994,FEET,WGE,59,1049,TRUE,39.1,-4.3,DEG
2024.10.19_16.36.55,33.753726,-84.334085,"+033.753726d / -084.334085d",994,FEET,WGE,64,1138,TRUE,33.6,-3.0,DEG
2024.10.19_16.36.56,33.753728,-84.334082,"+033.753728d / -084.334082d",994,FEET,WGE,66,1173,TRUE,32.0,-2.3,DEG
2024.10.19_16.36.57,33.753731,-84.334081,"+033.753731d / -084.334081d",994,FEET,WGE,70,1244,TRUE,32.2,-1.7,DEG
2024.10.19_16.36.58,33.753730,-84.334081,"+033.753730d / -084.334081d",994,FEET,WGE,72,1280,TRUE,34.3,-0.0,DEG
2024.10.19_16.36.59,33.753730,-84.334077,"+033.753730d / -084.334077d",994,FEET,WGE,78,1387,TRUE,38.0,0.4,DEG
2024.10.19_16.37.00,33.753727,-84.334073,"+033.753727d / -084.334073d",994,FEET,WGE,87,1547,TRUE,38.0,-1.0,DEG
2024.10.19_16.37.01,33.753716,-84.334082,"+033.753716d / -084.334082d",994,FEET,WGE,95,1689,TRUE,35.8,-2.0,DEG
2024.10.19_16.37.02,33.753728,-84.334083,"+033.753728d / -084.334083d",994,FEET,WGE,99,1760,TRUE,34.0,-1.7,DEG
2024.10.19_16.37.03,33.753739,-84.334065,"+033.753739d / -084.334065d",994,FEET,WGE,101,1796,TRUE,36.8,-2.0,DEG
2024.10.19_16.37.04,33.753740,-84.334061,"+033.753740d / -084.334061d",994,FEET,WGE,110,1956,TRUE,38.6,-3.3,DEG
2024.10.19_16.37.05,33.753730,-84.334050,"+033.753730d / -084.334050d",994,FEET,WGE,114,2027,TRUE,37.7,-4.6,DEG
2024.10.19_16.37.06,33.753744,-84.334024,"+033.753744d / -084.334024d",994,FEET,WGE,121,2151,TRUE,37.3,-4.2,DEG
2024.10.19_16.37.07,33.753743,-84.334028,"+033.753743d / -084.334028d",994,FEET,WGE,125,2222,TRUE,35.9,-5.4,DEG
2024.10.19_16.37.08,33.753745,-84.334030,"+033.753745d / -084.334030d",994,FEET,WGE,131,2329,TRUE,34.9,-7.4,DEG
2024.10.19_16.37.09,33.753741,-84.334048,"+033.753741d / -084.334048d",994,FEET,WGE,138,2453,TRUE,33.7,-8.8,DEG
2024.10.19_16.37.10,33.753743,-84.334050,"+033.753743d / -084.334050d",995,FEET,WGE,143,2542,TRUE,31.5,-9.1,DEG
2024.10.19_16.37.11,33.753734,-84.334061,"+033.753734d / -084.334061d",994,FEET,WGE,154,2738,TRUE,33.9,-10.3,DEG
2024.10.19_16.37.12,33.753732,-84.334059,"+033.753732d / -084.334059d",994,FEET,WGE,161,2862,TRUE,31.4,-8.1,DEG
2024.10.19_16.37.13,33.753730,-84.334055,"+033.753730d / -084.334055d",994,FEET,WGE,159,2827,TRUE,24.9,-4.7,DEG
2024.10.19_16.37.14,33.753725,-84.334061,"+033.753725d / -084.334061d",995,FEET,WGE,162,2880,TRUE,21.6,-5.1,DEG
2024.10.19_16.37.15,33.753720,-84.334067,"+033.753720d / -084.334067d",995,FEET,WGE,165,2933,TRUE,19.5,-4.5,DEG
2024.10.19_16.37.16,33.753709,-84.334078,"+033.753709d / -084.334078d",996,FEET,WGE,168,2987,TRUE,29.1,-2.4,DEG
2024.10.19_16.37.17,33.753700,-84.334079,"+033.753700d / -084.334079d",996,FEET,WGE,171,3040,TRUE,35.4,-1.2,DEG
2024.10.19_16.37.18,33.753699,-84.334082,"+033.753699d / -084.334082d",997,FEET,WGE,180,3200,TRUE,35.5,-2.6,DEG
2024.10.19_16.37.19,33.753696,-84.334082,"+033.753696d / -084.334082d",997,FEET,WGE,189,3360,TRUE,35.2,-0.7,DEG
2024.10.19_16.37.20,33.753697,-84.334082,"+033.753697d / -084.334082d",997,FEET,WGE,194,3449,TRUE,41.9,-2.7,DEG
2024.10.19_16.37.21,33.753698,-84.334078,"+033.753698d / -084.334078d",997,FEET,WGE,200,3556,TRUE,49.5,-2.1,DEG
2024.10.19_16.37.22,33.753701,-84.334076,"+033.753701d / -084.334076d",997,FEET,WGE,203,3609,TRUE,54.5,-4.8,DEG
2024.10.19_16.37.23,33.753702,-84.334072,"+033.753702d / -084.334072d",997,FEET,WGE,209,3716,TRUE,53.3,-11.0,DEG
2024.10.19_16.37.24,33.753702,-84.334070,"+033.753702d / -084.334070d",998,FEET,WGE,219,3893,TRUE,52.3,-8.1,DEG
2024.10.19_16.37.25,33.753703,-84.334071,"+033.753703d / -084.334071d",998,FEET,WGE,225,4000,TRUE,58.4,-9.1,DEG
2024.10.19_16.37.27,33.753702,-84.334071,"+033.753702d / -084.334071d",998,FEET,WGE,228,4053,TRUE,63.2,-12.3,DEG
2024.10.19_16.37.28,33.753701,-84.334071,"+033.753701d / -084.334071d",998,FEET,WGE,242,4302,TRUE,64.4,-16.4,DEG
2024.10.19_16.37.29,33.753706,-84.334071,"+033.753706d / -084.334071d",998,FEET,WGE,248,4409,TRUE,62.4,-19.4,DEG
2024.10.19_16.37.30,33.753712,-84.334072,"+033.753712d / -084.334072d",997,FEET,WGE,256,4551,TRUE,59.7,-14.2,DEG
2024.10.19_16.37.31,33.753718,-84.334071,"+033.753718d / -084.334071d",998,FEET,WGE,262,4658,TRUE,56.4,-13.5,DEG
2024.10.19_16.37.32,33.753719,-84.334073,"+033.753719d / -084.334073d",997,FEET,WGE,266,4729,TRUE,56.8,-15.4,DEG
2024.10.19_16.37.33,33.753721,-84.334074,"+033.753721d / -084.334074d",997,FEET,WGE,271,4818,TRUE,57.5,-19.0,DEG
2024.10.19_16.37.34,33.753725,-84.334074,"+033.753725d / -084.334074d",997,FEET,WGE,274,4871,TRUE,55.1,-23.4,DEG
2024.10.19_16.37.35,33.753724,-84.334072,"+033.753724d / -084.334072d",996,FEET,WGE,275,4889,TRUE,52.3,-26.7,DEG
2024.10.19_16.37.36,33.753724,-84.334072,"+033.753724d / -084.334072d",996,FEET,WGE,280,4978,TRUE,48.1,-24.7,DEG
2024.10.19_16.37.37,33.753728,-84.334074,"+033.753728d / -084.334074d",996,FEET,WGE,320,5689,TRUE,44.4,-22.2,DEG
2024.10.19_16.37.38,33.753729,-84.334074,"+033.753729d / -084.334074d",996,FEET,WGE,332,5902,TRUE,42.9,-20.7,DEG
2024.10.19_16.37.39,33.753735,-84.334070,"+033.753735d / -084.334070d",995,FEET,WGE,337,5991,TRUE,42.6,-18.2,DEG
2024.10.19_16.37.40,33.753733,-84.334062,"+033.753733d / -084.334062d",995,FEET,WGE,339,6027,TRUE,41.0,-18.3,DEG
2024.10.19_16.37.41,33.753735,-84.334061,"+033.753735d / -084.334061d",995,FEET,WGE,340,6044,TRUE,44.1,-19.4,DEG
2024.10.19_16.37.42,33.753736,-84.334059,"+033.753736d / -084.334059d",995,FEET,WGE,343,6098,TRUE,47.2,-22.1,DEG
2024.10.19_16.37.43,33.753737,-84.334058,"+033.753737d / -084.334058d",995,FEET,WGE,317,5636,TRUE,50.5,-20.1,DEG
2024.10.19_16.37.44,33.753734,-84.334054,"+033.753734d / -084.334054d",995,FEET,WGE,308,5476,TRUE,58.9,-26.5,DEG
2024.10.19_16.37.45,33.753734,-84.334055,"+033.753734d / -084.334055d",995,FEET,WGE,310,5511,TRUE,63.7,-29.8,DEG
2024.10.19_16.37.46,33.753728,-84.334047,"+033.753728d / -084.334047d",995,FEET,WGE,314,5582,TRUE,61.4,-30.3,DEG
2024.10.19_16.37.47,33.753726,-84.334050,"+033.753726d / -084.334050d",995,FEET,WGE,318,5653,TRUE,63.2,-36.0,DEG
2024.10.19_16.37.48,33.753723,-84.334047,"+033.753723d / -084.334047d",996,FEET,WGE,323,5742,TRUE,67.6,-41.9,DEG
2024.10.19_16.37.49,33.753725,-84.334048,"+033.753725d / -084.334048d",996,FEET,WGE,337,5991,TRUE,66.7,-34.4,DEG
2024.10.19_16.37.50,33.753724,-84.334041,"+033.753724d / -084.334041d",996,FEET,WGE,351,6240,TRUE,62.0,-24.4,DEG
2024.10.19_16.37.51,33.753721,-84.334044,"+033.753721d / -084.334044d",996,FEET,WGE,3,53,TRUE,59.6,-19.7,DEG
2024.10.19_16.37.52,33.753723,-84.334048,"+033.753723d / -084.334048d",995,FEET,WGE,11,196,TRUE,56.4,-23.9,DEG
2024.10.19_16.37.53,33.753724,-84.334052,"+033.753724d / -084.334052d",995,FEET,WGE,17,302,TRUE,54.8,-27.9,DEG
2024.10.19_16.37.54,33.753723,-84.334054,"+033.753723d / -084.334054d",995,FEET,WGE,23,409,TRUE,50.2,-30.4,DEG
2024.10.19_16.37.55,33.753724,-84.334052,"+033.753724d / -084.334052d",994,FEET,WGE,73,1298,TRUE,46.3,-29.0,DEG
2024.10.19_16.37.56,33.753721,-84.334050,"+033.753721d / -084.334050d",994,FEET,WGE,81,1440,TRUE,37.9,-25.1,DEG
2024.10.19_16.37.57,33.753705,-84.334042,"+033.753705d / -084.334042d",994,FEET,WGE,89,1582,TRUE,38.0,-26.8,DEG
2024.10.19_16.37.58,33.753704,-84.334042,"+033.753704d / -084.334042d",994,FEET,WGE,96,1707,TRUE,45.8,-30.8,DEG
